,FIPS,State,County,GROC07,GROC12,PCH_GROC_07_12,GROCPTH07,GROCPTH12,PCH_GROCPTH_07_12,SUPERC07,SUPERC12,PCH_SUPERC_07_12,SUPERCPTH07,SUPERCPTH12,PCH_SUPERCPTH_07_12,CONVS07,CONVS12,PCH_CONVS_07_12,CONVSPTH07,CONVSPTH12,PCH_CONVSPTH_07_12,SPECS07,SPECS12,PCH_SPECS_07_12,SPECSPTH07,SPECSPTH12,PCH_SPECSPTH_07_12,SNAPS08,SNAPS12,PCH_SNAPS_08_12,SNAPSPTH08,SNAPSPTH12,PCH_SNAPSPTH_08_12,WICS08,WICS12,PCH_WICS_08_12,WICSPTH08,WICSPTH12,PCH_WICSPTH_08_12
0,13001,GA,Appling,0.010526315789473684,0.0047169811320754715,0.25,0.11475379288898357,0.08118285465692895,0.22781977793522176,0.07142857142857142,0.058823529411764705,0.0,0.9183468247325673,0.8251306636645663,0.03596952116391122,0.014642549526270457,0.03151862464183381,0.037801256876578294,0.4682110124799317,0.15747987716879905,0.033383219739929026,0.014084507042253521,0.0,0.0,0.23152750585888696,0.0,0.0,0.03816651075486126,0.03245120344234457,0.2578439301142829,0.4779183141348709,0.5117625696185738,0.31869352322308314,0.026595744680851064,0.025806451612903226,0.4,0.25338067488224814,0.3658535970731712,0.3537802460877203
1,13003,GA,Atkinson,0.02631578947368421,0.014150943396226415,0.3,0.6291079808492739,0.5400169001970606,0.27642436112368607,0.0,0.0,0.0,0.0,0.0,0.044555844739961395,0.0034453057708871662,0.017191977077363897,0.13539570082541233,0.2415854812038469,0.2178672473860895,0.1238425292663353,0.014084507042253521,0.03571428571428571,0.6666666666666666,0.5077158595533617,0.7205456292743636,0.650194309360518,0.01964452759441388,0.01700395161695586,0.2830026511722499,0.5941627477179179,0.6762253135304843,0.3471556657095836,0.015957446808510637,0.01935483870967742,0.5,0.33461827904386654,0.608401747132786,0.44549253782406883
2,13005,GA,Bacon,0.015789473684210527,0.009433962264150943,0.33333333335,0.291745551312783,0.2663273202778123,0.29397177563287774,0.0,0.0,0.0,0.0,0.0,0.044555844739961395,0.004306632213608958,0.03151862464183381,0.19615167860524824,0.2334041857030885,0.28925684057623396,0.17089323786307198,0.0,0.0,0.3333333333333333,0.0,0.0,0.3298352516093646,0.023199251627824193,0.02227278170172325,0.34241815425810124,0.525521155680287,0.6230890781924312,0.3691356032169924,0.026595744680851064,0.025806451612903226,0.4,0.4341057577040507,0.6001070831991433,0.3387138668670205
3,13007,GA,Baker,0.005263157894736842,0.0047169811320754715,0.5,0.274394586816293,0.44300851589327717,0.5199130202627207,0.0,0.0,0.0,0.0,0.0,0.044555844739961395,0.0017226528854435831,0.0,0.018557282018035633,0.2634275445814296,0.045262104216121285,0.02187137383773407,0.0,0.0,0.3333333333333333,0.0,0.0,0.3298352516093646,0.00449017773586603,0.0014369536581756936,0.08443449048018498,0.3553240162116581,0.2899473343135945,0.21791466049294808,0.005319148936170213,0.0064516129032258064,0.5,0.24241783885158644,0.49910867600713066,0.504464070679656
4,13009,GA,Baldwin,0.05789473684210526,0.03773584905660377,0.36363636364999996,0.24291538605286103,0.2572806805226579,0.34107219116258625,0.0,0.058823529411764705,0.0,0.0,0.3268704057427902,0.044555844739961395,0.026701119724375538,0.11174785100286533,0.09242931455009128,0.32860917146045476,0.22343687388068506,0.0863025555812923,0.0,0.0,0.3333333333333333,0.0,0.0,0.3298352516093646,0.08587464919843783,0.07867321278511923,0.29583098548076586,0.37997394342463636,0.45498448542395514,0.374496690515839,0.05319148936170213,0.05161290322580645,0.4,0.19476039513063584,0.28986131768110945,0.36466093725451887
5,13011,GA,Banks,0.0,0.0,0.5,0.0,0.0,0.46742180188789023,0.07142857142857142,0.058823529411764705,0.0,1.0,0.8274732507967889,0.009722492380930137,0.015503875968992248,0.02865329512893983,0.028942919244319448,0.5398318157544195,0.14086487309852858,0.021214283748892553,0.028169014084507043,0.0,0.0,0.5042267248570502,0.0,0.0,0.012347988773631583,0.02119506645809148,0.8321044017000249,0.10962614481962603,0.30147454463181883,0.7760037193154845,0.005319148936170213,0.0,0.0,0.05486950136839997,0.0,0.0
6,13013,GA,Barrow,0.06315789473684211,0.0660377358490566,0.58333333335,0.18353431637490228,0.29751504724726546,0.5220184056150069,0.07142857142857142,0.058823529411764705,0.0,0.24479678943191294,0.21599282333090383,0.029997254959855245,0.025839793281653745,0.1318051575931232,0.11825939940344612,0.22024848759675772,0.16267817196076736,0.10419769281407464,0.014084507042253521,0.03571428571428571,0.6666666666666666,0.061716541695387206,0.08506605444623348,0.6314764027118717,0.07446211412726196,0.08046940485783884,0.41517056778427586,0.16799579112754626,0.2578543681184879,0.4819187042198027,0.05851063829787234,0.08387096774193549,0.5909091,0.14316993305675774,0.31124855751001157,0.5326663374452992
7,13015,GA,Bartow,0.08421052631578947,0.04245283018867924,0.28125,0.17728499942315232,0.13332372942471274,0.24217517512928877,0.07142857142857142,0.058823529411764705,0.0,0.17734612381680898,0.15056476560412496,0.017673563173656693,0.06287683031869079,0.20057306590257878,0.06273180748530555,0.38826703344150554,0.17386974040401582,0.05151023442192196,0.07042253521126761,0.03571428571428571,0.13333333333333333,0.2235566296546063,0.05929803963117549,0.12152207914519102,0.12235734330234932,0.15650820265086776,0.5578547191617889,0.22734049225678588,0.3944359632314999,0.5669277487560198,0.05319148936170213,0.07096774193548387,0.55,0.09625370217800996,0.18358653453130774,0.46732940398477896
8,13017,GA,Ben Hill,0.021052631578947368,0.014150943396226415,0.375,0.23185135020879008,0.2550746947825267,0.3542842976731303,0.0,0.058823529411764705,0.0,0.0,0.8641806279949203,0.044555844739961395,0.0103359173126615,0.05157593123209169,0.1198172449813131,0.33387702324252333,0.2929558054972287,0.11295922081442027,0.014084507042253521,0.05357142857142857,1.0,0.23389190007645339,0.51052001331087,1.0,0.042843779222238074,0.03915698718528765,0.3008433505273807,0.5623878835524798,0.675194070756715,0.3758365512587698,0.0425531914893617,0.03225806451612903,0.3125,0.41410709272841495,0.4789599321683206,0.2833911271390198
9,13019,GA,Berrien,0.031578947368421054,0.02358490566037736,0.41666666665,0.36932294829462153,0.3915673188928764,0.3414242018941122,0.0,0.0,0.0,0.0,0.0,0.044555844739961395,0.009474590869939707,0.03724928366762178,0.09078466818731931,0.325014979128001,0.183294512047314,0.07068245469322812,0.0,0.0,0.3333333333333333,0.0,0.0,0.3298352516093646,0.033489242287484434,0.0398754640143755,0.49650744878744146,0.44003134139337335,0.6229099204884102,0.468823254329656,0.026595744680851064,0.03225806451612903,0.5,0.26859364327234586,0.4411532124707743,0.4024328768800618
10,13021,GA,Bibb,0.20526315789473684,0.13679245283018868,0.37179487180000004,0.25867222714257815,0.2763855332026309,0.34408018446756544,0.21428571428571427,0.17647058823529413,0.0,0.31847557013348077,0.29060091569520496,0.041135613747053025,0.12403100775193798,0.47277936962750716,0.07957290073063171,0.45846199160378437,0.28589887731673197,0.07291781240565033,0.1267605633802817,0.16071428571428573,0.3333333333333333,0.24087584051308025,0.17167427167008145,0.32652344951006174,0.2976613656652826,0.30415519102842026,0.36867715133575313,0.3953677959014277,0.5252742414330733,0.42981358166512823,0.19680851063829788,0.2,0.41891890000000004,0.21816501815541697,0.3328604133371167,0.37383221324541294
11,13023,GA,Bleckley,0.021052631578947368,0.014150943396226415,0.375,0.3203658950400244,0.3464338269762545,0.3482315952676024,0.0,0.0,0.0,0.0,0.0,0.044555844739961395,0.004306632213608958,0.022922636103151862,0.1400692375777074,0.1922259155993455,0.17123436574766923,0.12935250397285925,0.014084507042253521,0.0,0.0,0.3231854685301104,0.0,0.0,0.02619270346670214,0.020356843495612172,0.215444686739812,0.4741616767942866,0.46889404651197386,0.2827756962112216,0.026595744680851064,0.025806451612903226,0.4,0.35783060369618874,0.5204056998367543,0.3563398446837427
12,13025,GA,Brantley,0.015789473684210527,0.018867924528301886,0.6666666666500001,0.1996889984619793,0.3209052922338554,0.5175077986417944,0.0,0.0,0.0,0.0,0.0,0.044555844739961395,0.006029285099052541,0.04011461318051576,0.17211634674965512,0.22365909956198657,0.2059005679159151,0.12859709880810466,0.0,0.0,0.3333333333333333,0.0,0.0,0.3298352516093646,0.024508886815752376,0.023350496945355022,0.3364208020247548,0.3393692934291994,0.3348962340320644,0.28911937862156845,0.0425531914893617,0.012903225806451613,0.125,0.47207028446077365,0.18077152655382778,0.09382597394529499
13,13027,GA,Brooks,0.015789473684210527,0.018867924528301886,0.6666666666500001,0.18857072969123806,0.38724058100809966,0.6613033764246112,0.0,0.0,0.0,0.0,0.0,0.044555844739961395,0.004306632213608958,0.03151862464183381,0.19615167860524824,0.1508615895838321,0.19709674951560857,0.19554181587068864,0.028169014084507043,0.03571428571428571,0.3333333333333333,0.5072809592935736,0.3875219099606195,0.3499855451745961,0.033489242287484434,0.03281044185688849,0.35004778290419114,0.45863872678223144,0.6476269544638996,0.4681314538922287,0.02127659574468085,0.025806451612903226,0.5,0.22192832382204677,0.4362786925097704,0.48167143917605226
14,13029,GA,Bryan,0.021052631578947368,0.0330188679245283,0.875,0.1365953104904397,0.32402578514066704,0.763902514570698,0.0,0.0,0.0,0.0,0.0,0.044555844739961395,0.028423772609819122,0.0659025787965616,0.03980063089465333,0.5409353809657689,0.18636982146321576,0.03260633413891601,0.014084507042253521,0.0,0.0,0.13779750206679084,0.0,0.0,0.03423760523597848,0.04191114836824758,0.5196634794061038,0.1878974484922582,0.3277618393666761,0.5566708597803183,0.03723404255319149,0.04516129032258064,0.5,0.20449189978539029,0.365058621079531,0.4374074897711041
15,13031,GA,Bulloch,0.03684210526315789,0.04245283018867924,0.64285714285,0.10828364344588558,0.18461633763147164,0.5490367654063174,0.07142857142857142,0.058823529411764705,0.0,0.24759080042435436,0.2084903911718119,0.015119254938364916,0.056847545219638244,0.1346704871060172,0.03980063089465333,0.4900770945572413,0.1596825083968156,0.03131840162229133,0.014084507042253521,0.05357142857142857,1.0,0.06242094920135388,0.12316697531370827,0.9039956007207426,0.11955098221743306,0.1204646150056058,0.3604653362631506,0.35827780091809647,0.4335615013482471,0.37974702820644773,0.03723404255319149,0.05161290322580645,0.5714285499999999,0.0944141117561697,0.18488467052092264,0.47980380417240814
16,13033,GA,Burke,0.015789473684210527,0.014150943396226415,0.5,0.13503921485433595,0.1934486490193285,0.4613175258154152,0.07142857142857142,0.058823529411764705,0.0,0.7204574251843915,0.65539458873209,0.040107347431065234,0.012058570198105082,0.04297994269340974,0.07864561169440669,0.3024978791351543,0.16963400409944,0.07175990996967449,0.0,0.017857142857142856,0.3333333333333333,0.0,0.12905945870123514,0.3298352516093646,0.05519176799586965,0.04047419471007188,0.1693767303479668,0.5522101862072162,0.4949575632888909,0.2379776423152677,0.03723404255319149,0.03225806451612903,0.35714285,0.28024529701091705,0.36324321309405433,0.3175842474328161
17,13035,GA,Butts,0.02631578947368421,0.014150943396226415,0.3,0.21725032384115,0.19016748886887702,0.2818837209114596,0.0,0.0,0.0,0.0,0.0,0.044555844739961395,0.008613264427217916,0.06876790830945559,0.20549875210983837,0.20856723220499893,0.28646085899748985,0.19258681417267298,0.014084507042253521,0.0,0.0,0.17532989319015604,0.0,0.0,0.01945743685616783,0.03197221889440918,0.7997200448666236,0.11346399803162371,0.35920197147414035,0.8927802196104208,0.026595744680851064,0.03225806451612903,0.5,0.18746933330163412,0.35708214914334285,0.4666998378952401
18,13037,GA,Calhoun,0.010526315789473684,0.0047169811320754715,0.25,0.34313070587354205,0.22926916837600722,0.21516926119132843,0.0,0.0,0.0,0.0,0.0,0.044555844739961395,0.002583979328165375,0.011461318051575931,0.12760647290803626,0.24706230642391278,0.19384845122208758,0.10722813525713228,0.0,0.0,0.3333333333333333,0.0,0.0,0.3298352516093646,0.012909260990614837,0.008741468086756483,0.1780902216021871,0.538323657407745,0.4643579659153797,0.22343248576083077,0.015957446808510637,0.01935483870967742,0.5,0.4459038983625835,0.7749077218007382,0.425802697664494
19,13039,GA,Camden,0.021052631578947368,0.02358490566037736,0.625,0.08675885887511725,0.14504947973575258,0.5383894023227321,0.07142857142857142,0.058823529411764705,0.0,0.347155072436101,0.29485234039709024,0.01780319135357154,0.030146425495262703,0.09742120343839542,0.06529264954098632,0.3643992975495398,0.16617362989463863,0.053745224756469194,0.07042253521126761,0.03571428571428571,0.13333333333333333,0.4376121629799181,0.11612388659496904,0.12157228663420747,0.06997193639139593,0.0698119985549126,0.3558935647650591,0.27965688301824676,0.33598975296992417,0.37613632083843573,0.047872340425531915,0.06451612903225806,0.55555555,0.1715465159978896,0.3268355973853152,0.46681734471412883
20,13043,GA,Candler,0.010526315789473684,0.014150943396226415,0.75,0.19695807730046389,0.4024017273113986,0.6579307687331556,0.0,0.0,0.0,0.0,0.0,0.044555844739961395,0.008613264427217916,0.045845272206303724,0.13072216407311726,0.47271507247087374,0.4334015110575247,0.11253387912194524,0.0,0.017857142857142856,0.3333333333333333,0.0,0.26846271389538434,0.3298352516093646,0.018147801681710173,0.019159382104219403,0.4106722006653019,0.3978548592666003,0.5320486582398034,0.43358083778418705,0.005319148936170213,0.012903225806451613,1.0,0.08712725616831549,0.30223989358208087,0.8499580220248195
21,13045,GA,Carroll,0.11052631578947368,0.11320754716981132,0.57142857145,0.19274890976818326,0.3207384828747166,0.5358624171354455,0.07142857142857142,0.11764705882352941,0.3333333333333333,0.14690694098983867,0.2716615841020835,0.38731471710790166,0.07407407407407407,0.24641833810888253,0.06637951855345228,0.3789018590618078,0.1972985566418905,0.061887551908553315,0.08450704225352113,0.05357142857142857,0.16666666666666666,0.2222232171422229,0.08024287562543927,0.1654319772618623,0.13975678202883018,0.177583522874981,0.5516951490179361,0.21016979199672114,0.4061525783195406,0.6301157619184523,0.10638297872340426,0.13548387096774195,0.525,0.1607298925671147,0.3161857414705141,0.4819980840937012
22,13047,GA,Catoosa,0.05263157894736842,0.03773584905660377,0.4,0.16448650027496575,0.18339841532734194,0.35905375863343203,0.07142857142857142,0.11764705882352941,0.3333333333333333,0.26326913509310595,0.46600866892885123,0.35807370452133264,0.030146425495262703,0.07449856733524356,0.04392791009925256,0.276346489892127,0.08243547984200915,0.03797562400458103,0.014084507042253521,0.017857142857142856,0.3333333333333333,0.06637366687197255,0.045882915080529274,0.31670695061466203,0.069223573420451,0.08657645790508554,0.5374665079197163,0.17845237503719136,0.32256601392831086,0.5734773923031117,0.05851063829787234,0.07096774193548387,0.5,0.15911414732633938,0.2841066457271469,0.43749411070391103
23,13049,GA,Charlton,0.010526315789473684,0.009433962264150943,0.5,0.19398287990093216,0.22431991910766788,0.37239050209237934,0.0,0.0,0.0,0.0,0.0,0.044555844739961395,0.004306632213608958,0.022922636103151862,0.1400692375777074,0.23278718088196007,0.16492578271633698,0.09846836297226282,0.0,0.0,0.3333333333333333,0.0,0.0,0.3298352516093646,0.02263797941084094,0.020476589629003634,0.30545849501715766,0.49340534259330177,0.4541575742520359,0.25167271831383203,0.015957446808510637,0.01935483870967742,0.5,0.25322632412014123,0.3790898129672815,0.3668031869948857
24,13051,GA,Chatham,0.2789473684210526,0.24528301886792453,0.490566037735,0.21902470931860166,0.2805033631109426,0.4124194299956874,0.2857142857142857,0.35294117647058826,0.16666666666666666,0.2645738378091755,0.3289609789078496,0.16341809012594113,0.26270456503014644,0.4813753581661891,0.023613895557442935,0.6050241791983536,0.14426386802493382,0.016823796623355744,0.4084507042253521,0.4642857142857143,0.29885057470000004,0.48359386246288094,0.2807071474298232,0.26593475443724457,0.29672591211998317,0.3375643635810051,0.45383030575620764,0.19460997775926905,0.27297081576674487,0.4439559829421234,0.26595744680851063,0.3096774193548387,0.48,0.18204191062103323,0.29171519766627846,0.3926335293505951
25,13053,GA,Chattahoochee,0.010526315789473684,0.009433962264150943,0.5,0.14776459355251761,0.2287591729732591,0.4985426214038397,0.0,0.0,0.0,0.0,0.0,0.044555844739961395,0.0017226528854435831,0.0028653295128939827,0.06529264954098632,0.07092935853299669,0.0,0.06640686398401388,0.014084507042253521,0.017857142857142856,0.3333333333333333,0.29813017015101123,0.22892536511626865,0.3517955951232403,0.00449017773586603,0.002873907316351387,0.2424785367307836,0.005212455372152674,0.0,0.3492686958686849,0.010638297872340425,0.012903225806451613,0.5,0.13277192206018035,0.2577279579381763,0.47561446977428234
26,13055,GA,Chattooga,0.031578947368421054,0.0330188679245283,0.58333333335,0.22940081913396004,0.4057596378101705,0.5695974520018656,0.0,0.058823529411764705,0.0,0.0,0.589154517996007,0.044555844739961395,0.0103359173126615,0.06303724928366762,0.1509741566695116,0.2202320937714852,0.2333252387803991,0.1480210565057886,0.0,0.0,0.3333333333333333,0.0,0.0,0.3298352516093646,0.03274087931653951,0.04945515507366997,0.7183009863328971,0.22508309768372828,0.5500795638893249,0.8188632279817558,0.0425531914893617,0.04516129032258064,0.4375,0.2724977665773907,0.4571429483428565,0.4110444120224921
27,13057,GA,Cherokee,0.15789473684210525,0.17452830188679244,0.61666666665,0.15115993946541068,0.2492970055051592,0.5310978098831346,0.2857142857142857,0.35294117647058826,0.16666666666666666,0.3225857117269486,0.410889449559847,0.1746437046252594,0.13178294573643412,0.21203438395415472,0.01764090225975124,0.3700518104893307,0.058428452599648996,0.0127494013746755,0.1267605633802817,0.125,0.2592592592666667,0.18298837695072984,0.09439712652340072,0.23634024212375299,0.10589335827832418,0.15123937252299174,0.6660256436184145,0.012146329427349513,0.08819984649563047,0.6708262872294823,0.14893617021276595,0.2129032258064516,0.5892857,0.12185334300159198,0.2505026139959791,0.5037032902179388
28,13059,GA,Clarke,0.12105263157894737,0.10849056603773585,0.5,0.20826098560921738,0.28517480653816163,0.4409581708590536,0.14285714285714285,0.11764705882352941,0.0,0.2898543089366406,0.25204130858722285,0.0252704470912164,0.1024978466838932,0.19484240687679083,0.026019231456986636,0.5172287941472556,0.13240980622564552,0.021073406388866203,0.028169014084507043,0.03571428571428571,0.3333333333333333,0.07307614444041295,0.04963165002559208,0.3111612437568442,0.11206735266513997,0.15028140336964282,0.6027982690528771,0.1412238400391557,0.28744912943903156,0.62083263617922,0.09042553191489362,0.11612903225806452,0.529411765,0.1349914457856664,0.25144257398845943,0.4563860587205473
29,13061,GA,Clay,0.010526315789473684,0.009433962264150943,0.5,0.6459184745250611,0.9571031238780044,0.4771722566760988,0.0,0.0,0.0,0.0,0.0,0.044555844739961395,0.0008613264427217916,0.008595988538681949,0.34570485467869044,0.15502557780705126,0.3560658811941332,0.32963074152433874,0.0,0.0,0.3333333333333333,0.0,0.0,0.3298352516093646,0.002245088867933015,0.004670099389071004,0.8548992160288998,0.25637513203565526,0.6836503567539396,0.9222699681557172,0.005319148936170213,0.0064516129032258064,0.5,0.2890013194795599,0.5391528196867774,0.45710050360065235
30,13063,GA,Clayton,0.2578947368421053,0.24528301886792453,0.5306122449,0.18459263099963952,0.2916290575172494,0.5087572279297071,0.35714285714285715,0.35294117647058826,0.06666666666666667,0.3014796249937085,0.34200865801653124,0.12316273006982893,0.11886304909560723,0.42120343839541546,0.07206589121135847,0.24954737984328995,0.12702201286239903,0.06931934515708178,0.2676056338028169,0.14285714285714285,0.1403508772,0.28882675613484776,0.08979720919405071,0.14243864023772307,0.4009354535902014,0.4055801700200895,0.360773221980313,0.2676094656241847,0.3781517529204992,0.4561300648777132,0.3404255319148936,0.33548387096774196,0.40625,0.21202792944121915,0.32855944537152443,0.3796824349296368
31,13065,GA,Clinch,0.005263157894736842,0.0047169811320754715,0.5,0.14752058236650137,0.22196586349989472,0.48453787263110865,0.0,0.0,0.0,0.0,0.0,0.044555844739961395,0.004306632213608958,0.014326647564469915,0.0839867965501666,0.3540611453989455,0.233026294813749,0.08188185521395175,0.0,0.0,0.3333333333333333,0.0,0.0,0.3298352516093646,0.009541627688715314,0.013651059752669089,0.6488775126344186,0.3221334603087356,0.6970286534942836,0.7608685170557884,0.005319148936170213,0.0064516129032258064,0.5,0.12898859102808763,0.2500743819994049,0.4750262739358865
32,13067,GA,Cobb,0.5157894736842106,0.46226415094339623,0.5,0.14559544291370635,0.2065672280286355,0.4568859444580052,0.5,0.7058823529411765,0.23809523810000002,0.1664521595109773,0.25708396742248124,0.2747036067475519,0.5047372954349698,0.7163323782234957,0.01185801432306192,0.41790250259835154,0.06344232131093785,0.00987640027784458,0.5070422535211268,0.4107142857142857,0.21296296296666667,0.21581903731748014,0.09703056874124236,0.2059781898874058,0.48886810099241407,0.6183690575203751,0.5473680797244057,0.0613243979349227,0.15096643847920438,0.6047599027819511,0.43617021276595747,0.5548387096774193,0.524390245,0.10638260518117469,0.20422869436617044,0.4703767573916124
33,13069,GA,Coffee,0.031578947368421054,0.02830188679245283,0.5,0.15275196403018346,0.20725040603685466,0.43692082398702603,0.07142857142857142,0.058823529411764705,0.0,0.40747899657513686,0.35107712933842394,0.022328226509765386,0.02153316106804479,0.11461318051575932,0.1251139199703632,0.3055140658426609,0.2508599198596574,0.10710106931727965,0.04225352112676056,0.05357142857142857,0.3333333333333333,0.30819269983667763,0.20740097205164978,0.30831229808081667,0.1189897100004498,0.09459944915844332,0.20589426677458647,0.6766687221336715,0.627319951509446,0.2475075635731804,0.1276595744680851,0.12258064516129032,0.39583335,0.5386482238232355,0.7394024340847805,0.3363375308307408
34,13071,GA,Colquitt,0.08421052631578947,0.05188679245283019,0.34375,0.3675775603278385,0.35552448895373484,0.3114688990151076,0.07142857142857142,0.058823529411764705,0.0,0.36770428409044553,0.32849990307738025,0.034079225160044094,0.019810508182601206,0.08882521489971347,0.10186815455650935,0.25363693307751006,0.17016784104941496,0.09100580905828055,0.04225352112676056,0.07142857142857142,0.44444444443333336,0.2781094861787476,0.2587511120993122,0.4262543520908002,0.08325537884503235,0.07172793677539321,0.2566575430689872,0.38158616979920346,0.4060391918451406,0.31874252028669364,0.06382978723404255,0.05806451612903226,0.375,0.24163849551898162,0.3277196133782431,0.3323043590019461
35,13073,GA,Columbia,0.06842105263157895,0.09905660377358491,0.8076923077000001,0.12268469629817896,0.23790331713439716,0.6244594828819029,0.07142857142857142,0.11764705882352941,0.3333333333333333,0.15104860381418733,0.23028709859144686,0.2673485156183405,0.06201550387596899,0.10601719197707736,0.021153691326943353,0.32616336895539527,0.042617817891252414,0.011430614592421546,0.04225352112676056,0.03571428571428571,0.22222222223333332,0.11424411419318672,0.04534783899816305,0.18185496721335848,0.07034611785441751,0.09268351095233224,0.5854504103795443,0.05057681033974437,0.09842563034336572,0.494140281238521,0.09042553191489362,0.14193548387096774,0.6470587999999999,0.1406884336598047,0.28079351775365186,0.4890219109274634
36,13075,GA,Cook,0.031578947368421054,0.02358490566037736,0.41666666665,0.3758307423130554,0.4405739715823508,0.37750324865514207,0.0,0.0,0.0,0.0,0.0,0.044555844739961395,0.012058570198105082,0.03724928366762178,0.06529264954098632,0.4209443989701761,0.21228318373016944,0.057906413817949795,0.014084507042253521,0.017857142857142856,0.3333333333333333,0.25275897845345285,0.1763576206969106,0.31966128710395786,0.037231057052405536,0.03388815710052026,0.30015337826677163,0.5160429923242323,0.5977729111042216,0.35695772789386887,0.026595744680851064,0.01935483870967742,0.3,0.2757373952211614,0.2978194776174442,0.26464108493596167
37,13077,GA,Coweta,0.11052631578947368,0.09433962264150944,0.47619047619,0.1813489790720899,0.22778248713892238,0.4044821620194586,0.07142857142857142,0.17647058823529413,0.6666666666666666,0.13821827894967315,0.34727218523905634,0.6324370985945673,0.06546080964685616,0.1489971346704871,0.03700545341310162,0.3150395381424475,0.07919348640669467,0.02863239494681226,0.056338028169014086,0.03571428571428571,0.16666666666666666,0.1393867043658437,0.0455895954361026,0.14984656138308067,0.1043966323588852,0.13531313614966767,0.5702119802898256,0.10649693465539367,0.2121724174733704,0.5770958072721358,0.07446808510638298,0.11612903225806452,0.64285715,0.10372727829680152,0.23096488615228095,0.5455728204202479
38,13079,GA,Crawford,0.010526315789473684,0.009433962264150943,0.5,0.16384901631292328,0.23669312205593285,0.4651959837845525,0.0,0.0,0.0,0.0,0.0,0.044555844739961395,0.0034453057708871662,0.017191977077363897,0.13539570082541233,0.15730027530861293,0.12668500505482574,0.1253088236937055,0.0,0.0,0.3333333333333333,0.0,0.0,0.3298352516093646,0.00898035547173206,0.011615375398797012,0.5664688317507582,0.11464089009452427,0.2448011849039127,0.6230354983310035,0.005319148936170213,0.0064516129032258064,0.5,0.07284313555160739,0.1333333669333331,0.4484867702978703
39,13081,GA,Crisp,0.03684210526315789,0.0660377358490566,1.0,0.32424064810761605,0.8843655572476636,0.8783316228273995,0.07142857142857142,0.058823529411764705,0.0,0.7413769825263363,0.6420401521844266,0.02396426334471496,0.01808785529715762,0.0659025787965616,0.07864561169440669,0.4669220270095847,0.27195289355464636,0.06703427286189341,0.028169014084507043,0.0,0.0,0.3738220836381571,0.0,0.0,0.06997193639139593,0.051969823975477426,0.1728736458994497,0.7502545445665108,0.6498993880273213,0.21650044255162773,0.03723404255319149,0.04516129032258064,0.5,0.2878964496581515,0.4981784600145723,0.4239828792884497
40,13083,GA,Dade,0.02631578947368421,0.02358490566037736,0.5,0.3171760835978117,0.4521427124815835,0.45905979876078884,0.0,0.0,0.0,0.0,0.0,0.044555844739961395,0.013781223083548665,0.04871060171919771,0.076976491421724,0.48719863048023293,0.2955417632205713,0.06974808858777294,0.0,0.0,0.3333333333333333,0.0,0.0,0.3298352516093646,0.026379794198212927,0.034127649381672724,0.5678633378182232,0.3523053659877478,0.6224805488354038,0.6078149490465106,0.02127659574468085,0.025806451612903226,0.5,0.22672956521182538,0.4075197807398417,0.44039279680454196
41,13085,GA,Dawson,0.015789473684210527,0.009433962264150943,0.33333333335,0.14267197482951147,0.1330092468482653,0.30021840942757955,0.0,0.058823529411764705,0.0,0.0,0.6759432753358683,0.044555844739961395,0.018949181739879414,0.03724928366762178,0.031303291345875665,0.5022220164835396,0.1483683767106596,0.026839555510539428,0.014084507042253521,0.0,0.0,0.1919035275821361,0.0,0.0,0.02263797941084094,0.03197221889440918,0.647689211849571,0.17714601806983454,0.3843371601499546,0.6904221171021111,0.02127659574468085,0.025806451612903226,0.5,0.16547233802085384,0.29970561360235515,0.44378144352915705
42,13087,GA,Decatur,0.04736842105263158,0.02358490566037736,0.2777777778,0.3239323124995955,0.2710325102978591,0.26943950648237547,0.07142857142857142,0.058823529411764705,0.0,0.5760782008030005,0.5509469544548561,0.057359496870311145,0.01636520241171404,0.08595988538681948,0.124326797993981,0.3282623027942319,0.30667253549187606,0.12105443176603664,0.04225352112676056,0.03571428571428571,0.22222222223333332,0.43571103253315857,0.21698353302125412,0.22815533308967506,0.08175865294804426,0.056759669497939896,0.1361771960421466,0.6620313337465171,0.5962091309752331,0.2355645654519369,0.031914893617021274,0.03870967741935484,0.5,0.19080479109154702,0.36642546906859624,0.47053950138718637
43,13089,GA,DeKalb,0.6736842105263158,0.6320754716981132,0.5234375,0.1792155138839477,0.28259007490292704,0.5077798460719897,0.21428571428571427,0.6470588235294118,0.8888888890000001,0.06722898108994167,0.2357779506572172,1.0,0.49956933677863913,0.9025787965616046,0.022747349450483137,0.3898066781529403,0.09245692973261203,0.022675622934443196,0.6056338028169014,0.7857142857142857,0.34108527131666666,0.24294033682394794,0.18571636804257094,0.3502296871234885,0.7444340503839526,0.8310381989303776,0.4376278877921846,0.1454775903377106,0.25495714532965635,0.5400757776765283,0.5904255319148937,0.6838709677419355,0.47747747500000004,0.13708112467573083,0.25184946998520424,0.4501560648833193
44,13091,GA,Dodge,0.05263157894736842,0.0330188679245283,0.35,0.5195899922939726,0.48938846955285725,0.3033102680196752,0.0,0.058823529411764705,0.0,0.0,0.7105818282288683,0.044555844739961395,0.012919896640826873,0.04871060171919771,0.0839867965501666,0.37411720891818756,0.21752671069765128,0.07040480799978198,0.014084507042253521,0.017857142857142856,0.3333333333333333,0.2096651835104032,0.13992685885851827,0.30575754113376996,0.04059869035430506,0.03281044185688849,0.2272952659413491,0.45851853037213613,0.4254007947048748,0.2567656335678255,0.0425531914893617,0.03225806451612903,0.3125,0.37012764113082053,0.3938299648493603,0.2607095605795076
45,13093,GA,Dooly,0.005263157894736842,0.0,0.0,0.0890545543792703,0.0,0.0,0.0,0.0,0.0,0.0,0.0,0.044555844739961395,0.00516795865633075,0.04011461318051576,0.20549875210983837,0.25648562601910974,0.28170021536773776,0.14909177988471706,0.0,0.017857142857142856,0.3333333333333333,0.0,0.20844391751438904,,0.030121608985584913,0.02323075081196356,0.20776365951473627,0.6320261900382876,0.4772439441035523,0.16912100250494203,0.02127659574468085,0.01935483870967742,0.375,0.3175828195165932,0.3520045171839638,0.27157571138600245
46,13095,GA,Dougherty,0.11578947368421053,0.09905660377358491,0.47727272727500003,0.23715735736581048,0.3313668642507732,0.44995246225388175,0.14285714285714285,0.17647058823529413,0.16666666666666666,0.34507508227296124,0.48113776697862265,0.2191983648441777,0.06718346253229975,0.23209169054441262,0.07008602056878953,0.40361209623989897,0.2250224367218808,0.06584862948533471,0.08450704225352113,0.16071428571428573,0.5,0.26099411370090864,0.28423508608044123,0.49894121723213314,0.21739943870403,0.1810561609301374,0.23063196427771185,0.49536791005261405,0.5197521961529519,0.30869195310178377,0.12234042553191489,0.13548387096774195,0.45652174,0.22063325874875298,0.3733294290133646,0.4145919313154795
47,13097,GA,Douglas,0.08421052631578947,0.07547169811320754,0.5,0.1322136783474809,0.17808829328756293,0.4337636361447216,0.21428571428571427,0.17647058823529413,0.0,0.39677777711457674,0.3393868822092356,0.02002742270380699,0.08096468561584841,0.19484240687679083,0.04043341149765911,0.3728549450279765,0.11392070085224697,0.03278086273259434,0.08450704225352113,0.05357142857142857,0.16666666666666666,0.2000659549050437,0.0668316279402921,0.1530422174177225,0.10177736200547972,0.16057957130113376,0.774313807440199,0.09242558641627119,0.26901104989549446,0.7773765222720083,0.0797872340425532,0.13548387096774195,0.7,0.10706346760691396,0.2633406698932746,0.6026654776283278
48,13099,GA,Early,0.031578947368421054,0.02358490566037736,0.41666666665,0.5220631832601375,0.7037788678925183,0.4341175205225177,0.0,0.0,0.0,0.0,0.0,0.044555844739961395,0.0103359173126615,0.02865329512893983,0.05750342162080611,0.5011972865169619,0.278767743721041,0.062484423634292796,0.028169014084507043,0.0,0.0,0.7022105526397144,0.0,0.0,0.027502338632179435,0.027302119505338177,0.36175706224140086,0.5598251160662195,0.8311930875801461,0.5049107603619842,0.026595744680851064,0.025806451612903226,0.4,0.39083615502010305,0.6343212909254298,0.39766215315275977
49,13101,GA,Echols,0.0,0.0,0.5,0.0,0.0,0.46742180188789023,0.0,0.0,0.0,0.0,0.0,0.044555844739961395,0.0,0.0,,0.0,0.030665139906430692,0.06580033702809071,0.0,0.0,0.3333333333333333,0.0,0.0,0.3298352516093646,0.002245088867933015,0.002873907316351387,0.558566629279394,0.16254183658408722,0.34538390073387215,0.6650554481470634,0.0,0.0064516129032258064,0.5,0.0,0.4212638606298891,0.4102218282769943
50,13103,GA,Effingham,0.02631578947368421,0.018867924528301886,0.4,0.10103990481140265,0.1119221415836237,0.356711606610172,0.07142857142857142,0.058823529411764705,0.0,0.32343915275272345,0.284390062695825,0.028864164175859745,0.018949181739879414,0.07449856733524356,0.08653599841760401,0.21340335986734577,0.11127334872943334,0.07549468830194879,0.014084507042253521,0.017857142857142856,0.3333333333333333,0.08154333234152246,0.056001725040999574,0.3146410320547398,0.040972871839777526,0.048018201415494274,0.48262338625553974,0.09712095691948958,0.1774798860305814,0.5272146491889149,0.0425531914893617,0.03870967741935484,0.375,0.14038000645566576,0.18914296648685627,0.3301298773792959
51,13105,GA,Elbert,0.031578947368421054,0.02358490566037736,0.41666666665,0.2990345902106023,0.3787763327973479,0.40790174770540194,0.0,0.0,0.0,0.0,0.0,0.044555844739961395,0.0103359173126615,0.04297994269340974,0.09644956121983776,0.287082732289898,0.2077362859454118,0.09517185280139892,0.0,0.0,0.3333333333333333,0.0,0.0,0.3298352516093646,0.037605238537878005,0.03460663392960811,0.3070317387545221,0.39616104722654816,0.50517674496032,0.4073068564883613,0.026595744680851064,0.03225806451612903,0.5,0.2222115135793009,0.42674250858605994,0.4705428416185627
52,13107,GA,Emanuel,0.031578947368421054,0.014150943396226415,0.25,0.2732996364575533,0.19536640715450795,0.2301998279105305,0.0,0.058823529411764705,0.0,0.0,0.661891859818519,0.044555844739961395,0.012919896640826873,0.04871060171919771,0.0839867965501666,0.32797044644819023,0.19931004708688563,0.07647496554781986,0.014084507042253521,0.017857142857142856,0.3333333333333333,0.1838033159232697,0.13033889295941525,0.32488008842561183,0.06492048643854666,0.04849718596342966,0.17688365402325437,0.6626285457161228,0.6223412775435292,0.2536071826358269,0.05851063829787234,0.03870967741935484,0.2727273,0.4378358706416255,0.4402130844782954,0.24634931167374852
53,13109,GA,Evans,0.005263157894736842,0.0047169811320754715,0.5,0.09015650190534377,0.13950478674117944,0.49829464239162835,0.0,0.0,0.0,0.0,0.0,0.044555844739961395,0.0068906115417743325,0.02865329512893983,0.10034417518319934,0.3462124536088192,0.2758606392526734,0.10124074278543936,0.014084507042253521,0.017857142857142856,0.3333333333333333,0.36379991454051747,0.2792122740546969,0.3516206092335017,0.026753975683685392,0.02742186563872964,0.3842083588746183,0.5489633487923563,0.8263206402893771,0.5137187933792372,0.010638297872340425,0.012903225806451613,0.5,0.15783206673658784,0.3143417734852658,0.48798510220792896
54,13111,GA,Fannin,0.042105263157894736,0.03773584905660377,0.5,0.3643833590902922,0.5078040751762788,0.4487782539412503,0.0,0.0,0.0,0.0,0.0,0.044555844739961395,0.023255813953488372,0.04011461318051576,0.023750100635851076,0.5903206305914973,0.1528191630529437,0.01988615172067099,0.04225352112676056,0.0,0.0,0.5513855017562929,0.0,0.0,0.01796071094346412,0.025266435151466097,0.6419787648440055,0.11351765272652926,0.2613475881351257,0.6656738636018078,0.031914893617021274,0.03225806451612903,0.41666665,0.2416810151305809,0.35756850913945193,0.3625069831993565
55,13113,GA,Fayette,0.08947368421052632,0.07547169811320754,0.47058823529500005,0.164865213352991,0.22189154673557382,0.4334169443040379,0.14285714285714285,0.11764705882352941,0.0,0.3104415039208416,0.28190914675206163,0.039515585226553615,0.09043927648578812,0.12034383954154727,0.010100405987847632,0.48879308779162145,0.07765339547305478,0.008549420659848801,0.08450704225352113,0.05357142857142857,0.16666666666666666,0.2347993541725546,0.08326978238518255,0.1624773897316581,0.07015902712290673,0.08609747335715015,0.5205870522568967,0.05692636550781758,0.1334630734070429,0.5731763978675272,0.07446808510638298,0.09032258064516129,0.5,0.12031806498276812,0.21874187825006497,0.44545179780526095
56,13115,GA,Floyd,0.10526315789473684,0.06132075471698113,0.325,0.21601466271773428,0.20155719880697304,0.3004756199128712,0.21428571428571427,0.17647058823529413,0.0,0.518613911669158,0.47275336171445886,0.0408015983687013,0.06459948320413436,0.2034383954154728,0.06155382013915026,0.38883929550722535,0.18750454409959835,0.05618452574638416,0.07042253521126761,0.03571428571428571,0.13333333333333333,0.21791583121886926,0.06206265659298434,0.13048000927135228,0.15360149672190074,0.17470961555862963,0.4544055471425643,0.3129209412519816,0.48526005574345255,0.5146406078882485,0.09574468085106383,0.12903225806451613,0.55555555,0.17199466356014423,0.34935582920515335,0.497682860786629
57,13117,GA,Forsyth,0.15263157894736842,0.15566037735849056,0.56896551725,0.18812183330920812,0.26184762298989456,0.4482327550112062,0.21428571428571427,0.29411764705882354,0.22222222223333332,0.3114814085659118,0.40323953436524473,0.18234860763417238,0.09302325581395349,0.18911174785100288,0.029808389017071044,0.33629515438681046,0.06398419574228993,0.01896096445621806,0.09859154929577464,0.125,0.3333333333333333,0.18323346305639218,0.11116757519820811,0.2779558073516694,0.07670720299519497,0.1308825290273796,0.8652919227301914,0.0,0.09351334575492684,0.786480904491603,0.11170212765957446,0.14193548387096774,0.523809525,0.11423337140286373,0.19667104642663163,0.42183939159171024
58,13119,GA,Franklin,0.02631578947368421,0.02830188679245283,0.6,0.23527076756901805,0.4086507713896872,0.5593433927668553,0.0,0.0,0.0,0.0,0.0,0.044555844739961395,0.018949181739879414,0.04011461318051576,0.03555196111559096,0.49690834986760796,0.16750045791261509,0.03267031624606966,0.0,0.0,0.3333333333333333,0.0,0.0,0.3298352516093646,0.03217960709955625,0.04250987904957442,0.586911485547561,0.29949168282725863,0.5634459917939344,0.6422633511926042,0.031914893617021274,0.03870967741935484,0.5,0.2516235633629081,0.46040013231679894,0.448315506461457
59,13121,GA,Fulton,1.0,1.0,0.55789473685,0.1970077745504672,0.32331362481711945,0.5284875968785847,0.5,0.7058823529411765,0.23809523810000002,0.11617092912799007,0.1860063591544589,0.29563991505017845,1.0,1.0,0.0,0.5778533473968395,0.0644368126734089,0.0,1.0,1.0,0.2629107981333333,0.2970664804508065,0.1709312893487672,0.2636151235145265,1.0,1.0,0.35154869522346827,0.14023654927760584,0.20189663707290087,0.4457291250219482,1.0,1.0,0.41223405,0.16964154595821376,0.26631947786944415,0.3846542027718518
60,13123,GA,Gilmer,0.02631578947368421,0.02358490566037736,0.5,0.17974199242464944,0.2644850420169536,0.4738552768486117,0.07142857142857142,0.058823529411764705,0.0,0.5753726645616667,0.5376374554470437,0.04924424606877224,0.020671834625323,0.045845272206303724,0.038030351816149395,0.4141392932017636,0.1416470475575874,0.03600017106828304,0.014084507042253521,0.017857142857142856,0.3333333333333333,0.1450591371121017,0.10587087560753229,0.33437502023766036,0.016838166509497612,0.026463896542858873,0.749149155510721,0.05136573749910671,0.20709096526388918,0.8304214538296822,0.03723404255319149,0.03870967741935484,0.42857145,0.22134319910242473,0.3575735491394116,0.39582115446859484
61,13125,GA,Glascock,0.005263157894736842,0.009433962264150943,1.0,0.3710123989887341,0.9491831097478283,0.8238643980896084,0.0,0.0,0.0,0.0,0.0,0.044555844739961395,0.0017226528854435831,0.0028653295128939827,0.06529264954098632,0.3561837221676,0.15219604812627996,0.05023979712935206,0.0,0.0,0.3333333333333333,0.0,0.0,0.3298352516093646,0.0028063610849162687,0.0016764459350172936,0.2775994359133877,0.36206370897499496,0.3477858461953981,0.2767850878206951,0.005319148936170213,0.0,0.0,0.3277419891680147,0.0,0.0
62,13127,GA,Glynn,0.12105263157894737,0.09905660377358491,0.45652173913,0.316089877900406,0.3864937913210579,0.3937550086320257,0.07142857142857142,0.058823529411764705,0.0,0.21996442293875446,0.18706030739095977,0.01819960549783838,0.08957795004306632,0.14040114613180515,0.016759767885413553,0.6860752321133563,0.14607803033205413,0.01204870278459652,0.056338028169014086,0.08928571428571429,0.4166666666666667,0.2218238728359583,0.1841783716269554,0.3803932043677654,0.11487371375005623,0.13914501256188982,0.5085782568201048,0.2890474051793396,0.45295168337618635,0.5177217878927975,0.10106382978723404,0.1032258064516129,0.42105265000000003,0.2284678400860268,0.3317616933459065,0.3557959541785079
63,13129,GA,Gordon,0.05263157894736842,0.04716981132075472,0.5,0.19754510789516969,0.2673970996471335,0.43589769406180806,0.07142857142857142,0.058823529411764705,0.0,0.3161811303651515,0.2717784974856954,0.021582619550816383,0.028423772609819122,0.11174785100286533,0.08511977515480088,0.31292183454733835,0.17763275032291018,0.07197285871447269,0.028169014084507043,0.08928571428571429,0.8333333333333334,0.15942697997112038,0.26759136524460214,0.7689758213731177,0.08793264733486005,0.10046700993890709,0.4592152889748705,0.33291978110492176,0.48757076287898665,0.4823072722971722,0.047872340425531915,0.05161290322580645,0.44444445,0.15538101686794142,0.2410070860719433,0.380041847427054
64,13131,GA,Grady,0.021052631578947368,0.018867924528301886,0.5,0.1649605930343307,0.23446016707547276,0.4577022211791009,0.0,0.058823529411764705,0.0,0.0,0.5957547134780944,0.044555844739961395,0.009474590869939707,0.054441260744985676,0.14176870548933235,0.21775520838828982,0.19933167872965912,0.1286861179522733,0.028169014084507043,0.03571428571428571,0.3333333333333333,0.33282485873949647,0.2346305024853424,0.32297664908874457,0.05201122544793182,0.04322835587866227,0.23975363939880218,0.4578795110609702,0.47344284875021364,0.3031444730434983,0.02127659574468085,0.025806451612903226,0.5,0.14597705038253933,0.26415093388679256,0.44337099571757127
65,13133,GA,Greene,0.042105263157894736,0.02830188679245283,0.375,0.5222843588808189,0.5559905548847236,0.34281084424021174,0.0,0.0,0.0,0.0,0.0,0.044555844739961395,0.01119724375538329,0.045845272206303724,0.09405287570967498,0.40739531809639584,0.2844702709184246,0.0849200066863686,0.014084507042253521,0.017857142857142856,0.3333333333333333,0.26344051834502935,0.1854648284136338,0.3225383743071609,0.022076707193857688,0.036762064416871645,0.817515720396788,0.28975661383016843,0.6981613876131095,0.8442929484743257,0.02127659574468085,0.025806451612903226,0.5,0.2320076663316914,0.41759877265920986,0.441018338410455
66,13135,GA,Gwinnett,0.6578947368421053,0.6745283018867925,0.5720000000000001,0.16624291461041618,0.253236560473834,0.4905433823085729,1.0,1.0,0.07142857143333334,0.29801000401982025,0.30598328566013555,0.08336902123374948,0.6606373815676141,0.9799426934097422,0.013621734728335009,0.48964817884911044,0.07999415331036425,0.009140877033864951,0.9295774647887324,0.9285714285714286,0.2626262626333334,0.3541951475471543,0.18430584559092353,0.23839596981667985,0.5253507950963255,0.7473356483416436,0.6636491070048222,0.05338959196047368,0.155379619276117,0.657933493681311,0.4946808510638298,0.6903225806451613,0.5752688,0.10757388582615607,0.2134799502921604,0.4862391740715215
67,13137,GA,Habersham,0.03684210526315789,0.018867924528301886,0.28571428569999996,0.1705562403873704,0.13705576021958887,0.25877590409032253,0.0,0.058823529411764705,,0.0,0.34825367263979784,,0.026701119724375538,0.09169054441260745,0.07132301954373663,0.3625658683288816,0.1905452432650894,0.06333284870440713,0.014084507042253521,0.017857142857142856,0.3333333333333333,0.098318471197636,0.06857766489735559,0.31955821573505744,0.047146866226593316,0.0689737755924333,0.6878753945357599,0.18351617379879306,0.41775980306559396,0.7302385591454895,0.047872340425531915,0.05161290322580645,0.44444445,0.19149744928050416,0.3088234775294122,0.39513645205304937
68,13139,GA,Hall,0.16842105263157894,0.15566037735849056,0.515625,0.18382372131158822,0.26539511147163486,0.464927808752343,0.14285714285714285,0.17647058823529413,0.16666666666666666,0.18388709986309065,0.2452215481338645,0.1967458933145097,0.10163652024117141,0.2979942693409742,0.05499502619084813,0.3253787835763599,0.130067909267357,0.04823094951202383,0.11267605633802817,0.14285714285714285,0.3333333333333333,0.18544157192385505,0.12876990251130752,0.3181336924932697,0.1882132834209008,0.25865165847162486,0.627497431324182,0.15156885162143033,0.3347511305201225,0.6815394349892235,0.19148936170212766,0.23870967741935484,0.51388889,0.17819649181200298,0.3352461813180305,0.4609613023841239
69,13141,GA,Hancock,0.005263157894736842,0.009433962264150943,1.0,0.10675811405845052,0.33151771216191467,1.0,0.0,0.0,0.0,0.0,0.0,0.044555844739961395,0.0008613264427217916,0.02865329512893983,1.0,0.05124559521538625,0.33687113416232184,1.0,0.0,0.0,0.3333333333333333,0.0,0.0,0.3298352516093646,0.02376052384480745,0.021913543287179326,0.3163840260109255,0.610476854565721,0.7990775733753375,0.42582485309368034,0.015957446808510637,0.0064516129032258064,0.16666670000000003,0.2880303178546707,0.18674963850600287,0.15886248465496805
70,13143,GA,Haralson,0.042105263157894736,0.018867924528301886,0.25,0.286284891450419,0.21002347351322442,0.23624551211792966,0.0,0.058823529411764705,0.0,0.0,0.5336619760362422,0.044555844739961395,0.01636520241171404,0.07736389684813753,0.1095682608760588,0.32637560646298347,0.2622580229702643,0.10332156887402874,0.014084507042253521,0.017857142857142856,0.3333333333333333,0.1444022577636665,0.105088029319728,0.3334123381400666,0.041347053325249995,0.04262962519733542,0.38356506734114787,0.2811898006888581,0.4009549202662614,0.462333082862867,0.0425531914893617,0.05161290322580645,0.5,0.2535686755735347,0.47323953221408377,0.4572830503965287
71,13145,GA,Harris,0.042105263157894736,0.018867924528301886,0.25,0.2823119900381541,0.18324628799520068,0.20902586016587782,0.0,0.0,0.0,0.0,0.0,0.044555844739961395,0.018949181739879414,0.05730659025787966,0.06104397976659749,0.3726641934717516,0.154912817953934,0.04783503379625054,0.028169014084507043,0.017857142857142856,0.16666666666666666,0.2847966461246778,0.09168970750407758,0.14749867657480858,0.01908325537743063,0.02418871990783433,0.550248521604453,0.06816875757600827,0.13483063723325117,0.527142344800532,0.02127659574468085,0.012903225806451613,0.25,0.12383951178341883,0.10322575117419398,0.204234260960303
72,13147,GA,Hart,0.02631578947368421,0.018867924528301886,0.4,0.21293647823352907,0.23374350193742588,0.35349529359788673,0.07142857142857142,0.058823529411764705,0.0,0.6816316382261141,0.5939336897721402,0.0259342999842249,0.013781223083548665,0.04297994269340974,0.06529264954098632,0.3270812841062017,0.14919424666599082,0.05582794853611344,0.014084507042253521,0.0,0.0,0.17184844425084958,0.0,0.0,0.023573433113296658,0.03328942641919341,0.6478958727731737,0.16063874716697807,0.33706069065899147,0.6552665459143451,0.031914893617021274,0.03870967741935484,0.5,0.2262247248341049,0.3950152048398784,0.427832329388229
73,13149,GA,Heard,0.021052631578947368,0.0047169811320754715,0.125,0.3597105508879807,0.1281841879045719,0.1147560101641002,0.0,0.0,0.0,0.0,0.0,0.044555844739961395,0.0008613264427217916,0.017191977077363897,0.6261170598163946,0.043166698494262905,0.14123301740456676,0.5731303434889925,0.0,0.0,0.3333333333333333,0.0,0.0,0.3298352516093646,0.010477081384435767,0.00826248353451024,0.25874777679226757,0.170317641413498,0.17829504941658764,0.32668735187116166,0.005319148936170213,0.0064516129032258064,0.5,0.07909351845671184,0.1444166628446667,0.44737973523939606
74,13151,GA,Henry,0.1368421052631579,0.12735849056603774,0.51923076923,0.1444585064689639,0.19258991745063872,0.42932342559189723,0.35714285714285715,0.35294117647058826,0.06666666666666667,0.4446409492557019,0.43499017209183266,0.06546026232908522,0.1024978466838932,0.3008595988538682,0.05508156083652922,0.31737475679050836,0.1114041809951781,0.04208752670734846,0.028169014084507043,0.05357142857142857,0.5,0.04483997074520649,0.04282885235529279,0.4375961911036779,0.14462114125016867,0.20823853434519268,0.6751366967097859,0.08131768360215182,0.19643473321350946,0.6402301934119384,0.1276595744680851,0.16129032258064516,0.5208333350000001,0.11518251886179115,0.20090599039275206,0.42737204370391146
75,13153,GA,Houston,0.11052631578947368,0.08962264150943396,0.45238095238,0.16432200263428812,0.1938753403962572,0.37994524347103514,0.14285714285714285,0.17647058823529413,0.16666666666666666,0.25048175934442946,0.31113482519903235,0.16296871317906042,0.08010335917312661,0.2693409742120344,0.06730277287492485,0.3493132186271884,0.15646212581279656,0.05342022635485685,0.04225352112676056,0.125,0.7777777776666667,0.09472469579025511,0.14295929888126016,0.6914353755208165,0.18503274087296295,0.1857262603192084,0.3563144581706286,0.2520546878607434,0.29335577282154024,0.3621924736118158,0.11702127659574468,0.15483870967741936,0.545454545,0.15072150751682725,0.27590740579274076,0.44852605988197547
76,13155,GA,Irwin,0.010526315789473684,0.0047169811320754715,0.25,0.20614695140374312,0.1553298615822007,0.2426454739123673,0.0,0.0,0.0,0.0,0.0,0.044555844739961395,0.006029285099052541,0.02005730659025788,0.07864561169440669,0.3463383710479085,0.2141912255460972,0.0768741729443642,0.0,0.0,0.3333333333333333,0.0,0.0,0.3298352516093646,0.01141253507791113,0.011615375398797012,0.3961926091543695,0.23111496034003742,0.3688686549725201,0.5180627919934527,0.005319148936170213,0.0064516129032258064,0.5,0.08875086525123604,0.17500005459999954,0.4831312238256633
77,13157,GA,Jackson,0.031578947368421054,0.02830188679245283,0.5,0.10320290686021352,0.147710951281141,0.46090871805776773,0.0,0.0,0.0,0.0,0.0,0.044555844739961395,0.029285099052540915,0.10028653295128939,0.07079092807293322,0.28072122092661617,0.1389041793846261,0.06444285291772134,0.014084507042253521,0.03571428571428571,0.6666666666666666,0.06940747228448245,0.09854550989436363,0.6504786142859293,0.04789522917508736,0.07184768290878468,0.7142518092048419,0.09076016849871775,0.27369046389845036,0.7975517485702751,0.05851063829787234,0.07096774193548387,0.5,0.16164831617766068,0.30509656555922754,0.46245108609288815
78,13159,GA,Jasper,0.010526315789473684,0.009433962264150943,0.5,0.1504148361726943,0.21880655403358953,0.4684506099643474,0.0,0.0,0.0,0.0,0.0,0.044555844739961395,0.006029285099052541,0.014326647564469915,0.05193968738756595,0.25270531070834024,0.09034713182403027,0.04829790969394653,0.0,0.0,0.3333333333333333,0.0,0.0,0.3298352516093646,0.006735266603799046,0.01041791402177378,0.706732922654147,0.04801845431489202,0.18446751671783485,0.7798380112189973,0.015957446808510637,0.025806451612903226,0.6666666499999999,0.19779373507813094,0.49303010005575926,0.6107460915466487
79,13161,GA,Jeff Davis,0.021052631578947368,0.02358490566037736,0.625,0.3104429501766962,0.4919393860015975,0.510298099067468,0.0,0.058823529411764705,0.0,0.0,1.0,0.044555844739961395,0.008613264427217916,0.034383954154727794,0.09333387005475673,0.372543902225435,0.22188179607164207,0.07241136688572933,0.0,0.0,0.3333333333333333,0.0,0.0,0.3298352516093646,0.03498596818447252,0.030176026821689565,0.2678926547549004,0.6199562236929369,0.600651073507294,0.26866054091123476,0.031914893617021274,0.01935483870967742,0.25,0.40754727677889707,0.3325415493396676,0.19992522743509397
80,13163,GA,Jefferson,0.03684210526315789,0.02830188679245283,0.42857142854999997,0.43889736518792644,0.5444863680816466,0.39950129837787196,0.0,0.0,0.0,0.0,0.0,0.044555844739961395,0.009474590869939707,0.05157593123209169,0.1332713659405547,0.331064998441514,0.3159267927584649,0.12362187849842723,0.0,0.0,0.3333333333333333,0.0,0.0,0.3298352516093646,0.054256314315864834,0.03772003352711196,0.14252352735701768,0.8029428475314849,0.7006936015341215,0.21806394523378186,0.031914893617021274,0.04516129032258064,0.58333335,0.3343531944115515,0.7156768022745855,0.5244585516450639
81,13165,GA,Jenkins,0.010526315789473684,0.0047169811320754715,0.25,0.24053695425870245,0.1618546253594433,0.21668929945623464,0.0,0.0,0.0,0.0,0.0,0.044555844739961395,0.0017226528854435831,0.017191977077363897,0.29896948715573973,0.1154615693710602,0.19102530022189435,0.2564837669531839,0.014084507042253521,0.0,0.0,0.48530788991251644,0.0,0.0,0.014967259120301798,0.013052329056972706,0.29573250885190905,0.42177039060893723,0.44460566682046926,0.31309845602597763,0.010638297872340425,0.0064516129032258064,0.25,0.21586411280773,0.1823510625411915,0.20697955301221793
82,13167,GA,Johnson,0.0,0.009433962264150943,0.5,0.0,0.3013371057384598,0.46742180188789023,0.0,0.0,0.0,0.0,0.0,0.044555844739961395,0.0017226528854435831,0.011461318051575931,0.20549875210983837,0.10476659508987961,0.1108230103552949,0.1808289141599939,0.014084507042253521,0.0,0.0,0.440354792617735,0.0,0.0,0.021889616462346898,0.013531313619277627,0.11383803397352,0.5638882538888149,0.4200672676534622,0.1685911449264514,0.010638297872340425,0.012903225806451613,0.5,0.19383154735724614,0.339496749284026,0.42915182432003557
83,13169,GA,Jones,0.010526315789473684,0.009433962264150943,0.5,0.07532045454568802,0.10436131669772095,0.44619096943911335,0.0,0.0,0.0,0.0,0.0,0.044555844739961395,0.009474590869939707,0.034383954154727794,0.08228732863854166,0.19885259723435111,0.09497980800169453,0.07177793627266342,0.014084507042253521,0.017857142857142856,0.3333333333333333,0.15196671329317793,0.10443713374589073,0.31485375751915495,0.03180542563653468,0.02885881929690533,0.3006595867249174,0.20529401472769876,0.23115898268605212,0.35010564451372866,0.015957446808510637,0.01935483870967742,0.5,0.09908971455167415,0.17636555858907554,0.4360987718122286
84,13171,GA,Lamar,0.015789473684210527,0.014150943396226415,0.5,0.18204370912946957,0.24774325755608562,0.43824838599824406,0.0,0.0,0.0,0.0,0.0,0.044555844739961395,0.01119724375538329,0.034383954154727794,0.06529264954098632,0.37866348039558356,0.17847054387587888,0.055152087616429396,0.014084507042253521,0.017857142857142856,0.3333333333333333,0.24486119155972053,0.16528216209117946,0.3092490895360474,0.01665107577125156,0.022991258530811097,0.6242879156625404,0.16704016322559975,0.3423250620468516,0.6445901725568168,0.026595744680851064,0.025806451612903226,0.4,0.26331865111332803,0.37215494102276053,0.34629151036529615
85,13173,GA,Lanier,0.010526315789473684,0.0047169811320754715,0.25,0.2563526718217568,0.14338141000303142,0.1801146991589124,0.0,0.0,0.0,0.0,0.0,0.044555844739961395,0.00516795865633075,0.011461318051575931,0.049714193696887066,0.36916009764606944,0.10312563786620471,0.029381744312746597,0.0,0.017857142857142856,0.3333333333333333,0.0,0.28697115331525724,0.3298352516093646,0.013470533207598091,0.015926236373324094,0.4964778967950152,0.38321747027322606,0.47189276808744984,0.38872158025815307,0.005319148936170213,0.0064516129032258064,0.5,0.10990386910177549,0.16153838270769294,0.36013276294305896
86,13175,GA,Laurens,0.03684210526315789,0.04245283018867924,0.64285714285,0.15146026392809733,0.27935513346330115,0.5939530352905746,0.0,0.058823529411764705,0.0,0.0,0.3154805202206047,0.044555844739961395,0.02756244616709733,0.13753581661891118,0.11494897753412142,0.3323581223122247,0.2729834716774918,0.1053896225613672,0.04225352112676056,0.08928571428571429,0.5555555555666666,0.26193134077802954,0.31062009553384495,0.5433059867904737,0.12366697846782662,0.10920847802135271,0.26971941249003867,0.5816923180356297,0.6532692275177341,0.34037167531811796,0.06382978723404255,0.07741935483870968,0.5,0.2286667221402818,0.4196414846428681,0.4496506077465458
87,13177,GA,Lee,0.015789473684210527,0.02358490566037736,0.8333333333499999,0.09331476291355431,0.25936941881014214,0.8950814764041313,0.0,0.0,0.0,0.0,0.0,0.044555844739961395,0.009474590869939707,0.04297994269340974,0.10777934728487464,0.1642394332935691,0.1270137696713982,0.11916179253974958,0.0,0.0,0.3333333333333333,0.0,0.0,0.3298352516093646,0.023573433113296658,0.02742186563872964,0.47954460613038813,0.07941058767845413,0.21164684296339126,0.6899562770030191,0.02127659574468085,0.03870967741935484,0.75,0.1082002499970282,0.35065749319474016,0.7940623110709762
88,13179,GA,Liberty,0.03684210526315789,0.03773584905660377,0.57142857145,0.1187825534965855,0.18220789917537428,0.49397924454715325,0.07142857142857142,0.058823529411764705,0.0,0.2715965773106365,0.23149180355944723,0.018911123985652714,0.030146425495262703,0.1318051575931232,0.09733975870358696,0.28508758738210543,0.17781929335408173,0.08169148854432412,0.056338028169014086,0.05357142857142857,0.25,0.27389250531945375,0.1367552038488112,0.22875264395071873,0.09410664172167583,0.08693569631962947,0.30078604895585365,0.31510799796152783,0.3213783832195265,0.3040361938219667,0.03723404255319149,0.05161290322580645,0.5714285499999999,0.10872584726041114,0.20528171835774625,0.4626121329628167
89,13181,GA,Lincoln,0.005263157894736842,0.0047169811320754715,0.5,0.12792097320519474,0.19273189441128166,0.48518346787869693,0.0,0.0,0.0,0.0,0.0,0.044555844739961395,0.006029285099052541,0.014326647564469915,0.05193968738756595,0.4298287318620618,0.1959706594379066,0.05097513185898177,0.0,0.0,0.3333333333333333,0.0,0.0,0.3298352516093646,0.00898035547173206,0.005747814632702774,0.17926091824002677,0.2519221209296244,0.23251255831244597,0.2729193527660108,0.005319148936170213,0.0064516129032258064,0.5,0.11425714580934938,0.21713848626289212,0.4656428077210664
90,13183,GA,Long,0.005263157894736842,0.0047169811320754715,0.5,0.09141602900942773,0.09291915944563368,0.32732341786261027,0.0,0.0,0.0,0.0,0.0,0.044555844739961395,0.004306632213608958,0.014326647564469915,0.0839867965501666,0.21940575009831403,0.06945262129260402,0.04666627909886934,0.0,0.0,0.3333333333333333,0.0,0.0,0.3298352516093646,0.010477081384435767,0.011016644713159303,0.41911600020128004,0.1741708653282574,0.14661938065094204,0.2601215334715477,0.005319148936170213,0.0064516129032258064,0.5,0.0801192012165181,0.10468600716251193,0.3201485727713521
91,13185,GA,Lowndes,0.06842105263157895,0.07075471698113207,0.5769230769,0.1313015121627534,0.19526066703502562,0.47889378333009297,0.14285714285714285,0.17647058823529413,0.16666666666666666,0.3233151396471921,0.39692017956222503,0.15761436015041083,0.08527131782945736,0.24355300859598855,0.05301871463719636,0.47997345537691677,0.18817586280802437,0.04064688208896904,0.14084507042253522,0.16071428571428573,0.3,0.40756033904800876,0.23448302938687926,0.26358573710665256,0.1640785780906209,0.17015926240353685,0.3809670767389829,0.30218964641986473,0.3692900090593041,0.38423639730242376,0.09574468085106383,0.10967741935483871,0.472222225,0.15722746529165255,0.2493190540054476,0.38853188728024585
92,13187,GA,Lumpkin,0.010526315789473684,0.014150943396226415,0.75,0.0772227861711482,0.14614027560807025,0.6094226854300816,0.07142857142857142,0.058823529411764705,0.0,0.6179952553065959,0.49511613057621445,0.0,0.01808785529715762,0.034383954154727794,0.02968475047143005,0.3892157567934933,0.08545751424563953,0.020294297285264308,0.014084507042253521,0.03571428571428571,0.6666666666666666,0.1558048617802207,0.19499526210625118,0.5733838515227591,0.01590271281377716,0.025026942884683177,0.7491970769942538,0.053367134548373225,0.16246697765222304,0.679966081937715,0.02127659574468085,0.025806451612903226,0.5,0.13449538365034067,0.21952895824376836,0.39993017926058444
93,13189,GA,McDuffie,0.021052631578947368,0.014150943396226415,0.375,0.1909009261307267,0.20650417702847942,0.34834931820619647,0.07142857142857142,0.058823529411764705,0.0,0.7638669450203469,0.6996260863252414,0.04240162452062597,0.012919896640826873,0.05730659025787966,0.10268094355934687,0.34363306933930693,0.2570536413155865,0.09472558799667806,0.014084507042253521,0.017857142857142856,0.3333333333333333,0.19258106395708496,0.13776946826655764,0.3277493249396314,0.03928905518882776,0.03508561849191303,0.2873288741873257,0.3880781229647213,0.45275514609293793,0.3615780838039873,0.026595744680851064,0.03225806451612903,0.5,0.20990780102284812,0.3877579408979365,0.45261803553880137
94,13191,GA,McIntosh,0.010526315789473684,0.009433962264150943,0.5,0.17939986576862665,0.2155020839658086,0.38683300072166615,0.0,0.0,0.0,0.0,0.0,0.044555844739961395,0.01808785529715762,0.04297994269340974,0.04303771262485041,0.9042053291760505,0.3158866188975423,0.028362322497495387,0.0,0.017857142857142856,,0.0,0.21565864482808536,,0.017025257247743664,0.018680397556284017,0.4388827884013465,0.32643344820307196,0.38551108196650347,0.36794997966520093,0.010638297872340425,0.01935483870967742,0.75,0.1593031538579004,0.36418821308649435,0.5601457727391203
95,13193,GA,Macon,0.03684210526315789,0.014150943396226415,0.2142857143,0.5385153009485677,0.3136436937982359,0.18755673747541543,0.0,0.0,0.0,0.0,0.0,0.044555844739961395,0.006029285099052541,0.034383954154727794,0.14541042243346733,0.25849592204853844,0.2387994742887377,0.1250573666045518,0.014084507042253521,0.03571428571428571,0.6666666666666666,0.31043133202066076,0.4184954061083762,0.617628822839753,0.030495790448606494,0.02945754999260172,0.34182050870578984,0.5377415615285894,0.6303963052125839,0.36308547623957294,0.031914893617021274,0.025806451612903226,0.33333335000000003,0.4124183783477336,0.4711491082308072,0.27991107421751027
96,13195,GA,Madison,0.015789473684210527,0.009433962264150943,0.33333333335,0.11094312487472953,0.10680944553697835,0.3100297890859101,0.0,0.0,0.0,0.0,0.0,0.044555844739961395,0.0068906115417743325,0.06876790830945559,0.26391796151352676,0.1420119118499005,0.23372828536260776,0.2446193033714845,0.014084507042253521,0.0,0.0,0.14922606105886227,0.0,0.0,0.030121608985584913,0.04131241767255119,0.6216015379634321,0.18520750882478543,0.3941377659272141,0.6825136354332345,0.026595744680851064,0.025806451612903226,0.4,0.16323324613002957,0.24067041407463668,0.36125484659919876
97,13197,GA,Marion,0.010526315789473684,0.0047169811320754715,0.25,0.29152478251610164,0.17118203092155077,0.18909360923538393,0.0,0.0,0.0,0.0,0.0,0.044555844739961395,0.0034453057708871662,0.02005730659025788,0.15876338458688768,0.27987307816049073,0.24098253443546414,0.11453483847033775,0.0,0.0,0.3333333333333333,0.0,0.0,0.3298352516093646,0.014593077641564598,0.011495629265405548,0.2424785367307836,0.5216789104059147,0.4173017817973556,0.19626082219368796,0.015957446808510637,0.012903225806451613,0.33333335000000003,0.3912709523387158,0.3857192609142459,0.2415423946037707
98,13199,GA,Meriwether,0.042105263157894736,0.03773584905660377,0.5,0.36065765565204383,0.5607734376704241,0.50071019703055,0.0,0.0,0.0,0.0,0.0,0.044555844739961395,0.01636520241171404,0.06303724928366762,0.08497069902531788,0.4111633715714837,0.2922693329515304,0.08648824709329672,0.0,0.0,0.3333333333333333,0.0,0.0,0.3298352516093646,0.03910196445731698,0.03783977966050342,0.33973641139030264,0.3600525305694255,0.5085445380142086,0.46310014491507734,0.031914893617021274,0.03225806451612903,0.41666665,0.23925694006929327,0.39486669284106646,0.4043762433020933
99,13201,GA,Miller,0.031578947368421054,0.014150943396226415,0.25,1.0,0.7494555202497162,0.24134595300714057,0.0,0.0,0.0,0.0,0.0,0.044555844739961395,0.004306632213608958,0.0057306590257879654,0.02790435552262577,0.4000132733569908,0.11000179517086706,0.02740757948803903,0.014084507042253521,0.03571428571428571,0.6666666666666666,0.6725340705690538,1.0,0.6812211393680706,0.011786716556648329,0.012932582923581242,0.4447749159675839,0.48290862693359454,0.7620362552022791,0.542376532142576,0.010638297872340425,0.012903225806451613,0.5,0.29430328644593656,0.5629083554967331,0.46864319981561203
100,13205,GA,Mitchell,0.06842105263157895,0.04245283018867924,0.34615384614999994,0.5544853167869657,0.5798695118522319,0.3367707652615765,0.0,0.058823529411764705,0.0,0.0,0.6548565507338763,0.044555844739961395,0.012058570198105082,0.05730659025787966,0.112028017063937,0.28663576729772194,0.23751210219564642,0.10955007400875753,0.0,0.0,0.3333333333333333,0.0,0.0,0.3298352516093646,0.060991580919663876,0.05412525446274097,0.27801506787461294,0.58496930094196,0.6980645909174652,0.3725186579995199,0.031914893617021274,0.03225806451612903,0.41666665,0.22870485263068382,0.36294501309643995,0.3888348489670717
101,13207,GA,Monroe,0.015789473684210527,0.018867924528301886,0.6666666666500001,0.12294068413619604,0.22392411575706736,0.5865423859840447,0.0,0.058823529411764705,0.0,0.0,0.5689829884509765,0.044555844739961395,0.018949181739879414,0.06017191977077364,0.06529264954098632,0.432765567011024,0.2118554926310048,0.055461652207913756,0.0,0.0,0.3333333333333333,0.0,0.0,0.3298352516093646,0.022263797947819363,0.03532511075869595,0.7648683996834712,0.13563561084343081,0.34289158017048804,0.7579835892533774,0.015957446808510637,0.025806451612903226,0.6666666499999999,0.10879241559857099,0.2522807259817542,0.5681788041161374
102,13209,GA,Montgomery,0.005263157894736842,0.0047169811320754715,0.5,0.11432598868762173,0.16730244172919928,0.47125011912770476,0.0,0.0,0.0,0.0,0.0,0.044555844739961395,0.002583979328165375,0.02865329512893983,0.31454794302788025,0.1646348867406095,0.34045819588322157,0.2958870916046733,0.0,0.0,0.3333333333333333,0.0,0.0,0.3298352516093646,0.020392890542907924,0.020955574176939017,0.3900733898839497,0.5599988277406688,0.7708289530393088,0.4557417904757818,0.02127659574468085,0.01935483870967742,0.375,0.4109664021916346,0.5654661554762707,0.33713202872238857
103,13211,GA,Morgan,0.02631578947368421,0.018867924528301886,0.4,0.28246723448749783,0.3335756757517373,0.3802948589930216,0.0,0.058823529411764705,0.0,0.0,0.8476036014899562,0.044555844739961395,0.024117140396210164,0.04011461318051576,0.02189552255405396,0.7592971229176417,0.21593831580512765,0.02088302895247436,0.014084507042253521,0.017857142857142856,0.3333333333333333,0.22796260800452522,0.16690901005627276,0.3354428751472113,0.01627689429251436,0.02287151239741964,0.6399832593083057,0.14206459171587918,0.34488067132631317,0.7369758895206873,0.010638297872340425,0.012903225806451613,0.5,0.09832262418241187,0.18790900649672795,0.4682672752310139
104,13213,GA,Murray,0.04736842105263158,0.02830188679245283,0.33333333335,0.22701269342246752,0.22712733560819856,0.32219101289438334,0.0,0.0,0.0,0.0,0.0,0.044555844739961395,0.01119724375538329,0.06017191977077364,0.13000315841819904,0.15740069069379345,0.12760911600401828,0.12601376533119849,0.0,0.0,0.3333333333333333,0.0,0.0,0.3298352516093646,0.06585594011855148,0.06969225242152115,0.3996542091157336,0.32676994807758425,0.4837860960700107,0.488170596026103,0.031914893617021274,0.04516129032258064,0.58333335,0.13533306571886033,0.2985378456116972,0.5404993600890968
105,13215,GA,Muscogee,0.18947368421052632,0.18867924528301888,0.55555555555,0.19818554954987902,0.3006187436527466,0.48847037193178605,0.07142857142857142,0.23529411764705882,1.0,0.08811282423602165,0.3055444891495923,0.9854255221458769,0.10594315245478036,0.29512893982808025,0.050854080714201506,0.3250350872563643,0.11679445074946891,0.04273250571332991,0.14084507042253522,0.14285714285714285,0.26666666666666666,0.22214422463967054,0.12033485791541629,0.2481754554676107,0.25519176806322236,0.2513471440904635,0.34183035363293307,0.24561017199997043,0.29014232771551846,0.36872307508117963,0.22340425531914893,0.2064516129032258,0.38095239999999997,0.20576282469209856,0.27095006183239945,0.32264271723770965
106,13217,GA,Newton,0.07894736842105263,0.09433962264150944,0.6666666666500001,0.16095843933273055,0.2938114708947179,0.5878264898692376,0.0,0.17647058823529413,0.0,0.0,0.4479385187768441,0.044555844739961395,0.03359173126614987,0.12607449856733524,0.07967276262065712,0.200882797726825,0.09133078484101338,0.06830213662995359,0.056338028169014086,0.017857142857142856,0.08333333333333333,0.17320005550824505,0.029402491162149377,0.07777473314186693,0.08699719363240434,0.11256136988563949,0.5685065065988827,0.11810473479497663,0.24041455569070228,0.6001018158928936,0.06914893617021277,0.09032258064516129,0.538461535,0.12082336256061331,0.23171265414629882,0.4698927974797909
107,13219,GA,Oconee,0.015789473684210527,0.018867924528301886,0.6666666666500001,0.09780711487918714,0.17741951398467473,0.5841509622340306,0.07142857142857142,0.058823529411764705,0.0,0.5218177808780506,0.4508165067632892,0.023197187515828135,0.015503875968992248,0.045845272206303724,0.06009983092690971,0.2816938387079673,0.11096881595047976,0.05058352047567264,0.014084507042253521,0.0,0.0,0.13155723531215666,0.0,0.0,0.014031805424581344,0.027661357919882102,1.0,0.00829401847959304,0.16136536226731504,1.0,0.026595744680851064,0.03225806451612903,0.5,0.1405558456236347,0.2498586700011306,0.4355572266716125
108,13221,GA,Oglethorpe,0.005263157894736842,0.0047169811320754715,0.5,0.07358067170957204,0.10200893865244752,0.44644569694707387,0.0,0.0,0.0,0.0,0.0,0.044555844739961395,0.0,0.014326647564469915,0.06529264954098632,0.0,0.08097440818077625,0.060597720511643645,0.014084507042253521,0.0,0.0,0.2969130513502049,0.0,0.0,0.010289990643944622,0.011854867679949472,0.48072403931667024,0.11095178442604593,0.1956498789167166,0.5220784239889565,0.005319148936170213,0.0064516129032258064,0.5,0.06423606888359959,0.11492678308058575,0.43837133109120674
109,13223,GA,Paulding,0.05263157894736842,0.07075471698113207,0.75,0.08032128514468807,0.15447168472751083,0.6193161332321847,0.21428571428571427,0.23529411764705882,0.1111111111,0.38567508536753387,0.41867402581400226,0.10510151843244289,0.050818260120585705,0.13753581661891118,0.04945015207779726,0.2274774277962102,0.05827544559252238,0.037353619240505606,0.028169014084507043,0.03571428571428571,0.3333333333333333,0.06482256171794495,0.04122237658719441,0.2913461200567524,0.08044901776011608,0.09747335647479471,0.5092225605308651,0.04068687643523936,0.08704442000030727,0.5027608212051267,0.06382978723404255,0.09032258064516129,0.58333335,0.08231659645596752,0.1624309667005523,0.48348279443216746
110,13225,GA,Peach,0.02631578947368421,0.02358490566037736,0.5,0.19617578145907838,0.2699237324467111,0.44308784521969463,0.0,0.0,0.0,0.0,0.0,0.044555844739961395,0.01808785529715762,0.06876790830945559,0.08309659907576446,0.3955034998881397,0.23679166645553607,0.07180946942029488,0.0,0.017857142857142856,0.3333333333333333,0.0,0.10804793405448802,,0.05874649205173086,0.04777870913434181,0.22551061768315975,0.4823264692200205,0.48089404568050054,0.28603343926025226,0.02127659574468085,0.04516129032258064,0.875,0.13528633986611352,0.4257476125940191,0.7710774226918754
111,13227,GA,Pickens,0.042105263157894736,0.02358490566037736,0.3125,0.27029752908868654,0.2547435200864154,0.303497576462596,0.0,0.058823529411764705,0.0,0.0,0.5178351715287872,0.044555844739961395,0.028423772609819122,0.045845272206303724,0.019973505280838782,0.535206866835888,0.13464990086190112,0.02004189052213563,0.028169014084507043,0.0,0.0,0.2726764436211481,0.0,0.0,0.028250701580673478,0.034846126210760574,0.526569981864713,0.13826661442919239,0.29273464138437105,0.642135981952847,0.03723404255319149,0.06451612903225806,0.7142857,0.2060587246128201,0.5740057634079538,0.6825350915615042
112,13229,GA,Pierce,0.021052631578947368,0.014150943396226415,0.375,0.2302018566173468,0.2373965187929819,0.3320929706712961,0.0,0.0,0.0,0.0,0.0,0.044555844739961395,0.0068906115417743325,0.04297994269340974,0.15876338458688768,0.22100111527374805,0.21915071635171104,0.13865312829893944,0.0,0.017857142857142856,0.3333333333333333,0.0,0.15837932398090518,0.3298352516093646,0.03947614592033855,0.03772003352711196,0.3310682487806008,0.4929822630146792,0.5915227848855982,0.3755230626909668,0.02127659574468085,0.03225806451612903,0.625,0.20123242865620652,0.44576531643387746,0.5427600935084719
113,13231,GA,Pike,0.015789473684210527,0.009433962264150943,0.33333333335,0.1792590009039506,0.1674527423821742,0.3008191293168909,0.0,0.0,0.0,0.0,0.0,0.044555844739961395,0.007751937984496124,0.025787965616045846,0.07567828676727013,0.25814152713513394,0.12855206623747817,0.06693374131407104,0.0,0.0,0.3333333333333333,0.0,0.0,0.3298352516093646,0.008793264733486007,0.012453598375645856,0.6389280085359837,0.042739908255072935,0.14491023655445395,0.6832600292728774,0.005319148936170213,0.0064516129032258064,0.5,0.05201959011094419,0.0943289752453682,0.44430192540480046
114,13233,GA,Polk,0.03684210526315789,0.0330188679245283,0.5,0.17350672733823377,0.25342737314280206,0.4703610620275243,0.0,0.11764705882352941,0.0,0.0,0.735942499348671,0.044555844739961395,0.029285099052540915,0.10888252148997135,0.0790383458685168,0.4045319651969781,0.24996025370322253,0.07405807820127111,0.014084507042253521,0.0,0.0,0.10001930352076278,0.0,0.0,0.08886810101486489,0.08873188839234908,0.3550889762753489,0.45782115331293805,0.615648403170566,0.438721330647709,0.03723404255319149,0.04516129032258064,0.5,0.15210664101469168,0.28552002971583973,0.4599260377338106
115,13235,GA,Pulaski,0.010526315789473684,0.009433962264150943,0.5,0.2095957022126397,0.2544653011921285,0.39096722900278136,0.0,0.0,0.0,0.0,0.0,0.044555844739961395,0.008613264427217916,0.025787965616045846,0.06529264954098632,0.5030463772553927,0.22046300262092805,0.04632638736822293,0.014084507042253521,0.03571428571428571,0.6666666666666666,0.4228807514796585,0.5093003406806749,0.5517704729574334,0.024695977547263166,0.024428212188986793,0.3610115714305859,0.617156887420918,0.6520524019734171,0.3092670978220019,0.010638297872340425,0.012903225806451613,0.5,0.18703215854237284,0.2866894777064842,0.37557359020402875
116,13237,GA,Putnam,0.015789473684210527,0.009433962264150943,0.33333333335,0.15209238007347284,0.1406893725233148,0.29788456124611445,0.07142857142857142,0.058823529411764705,0.0,0.8114389938475721,0.7149731124982893,0.029547246957634526,0.014642549526270457,0.06876790830945559,0.10927887779843092,0.41370500280040556,0.3231962857649985,0.09600353531669595,0.014084507042253521,0.0,0.0,0.20457461314453068,0.0,0.0,0.017399438726480868,0.03041551910284203,0.8656236336347419,0.1325617776445258,0.3899646497463389,0.8715494177341154,0.02127659574468085,0.025806451612903226,0.5,0.17885577439185527,0.31701095746391234,0.43428123127590984
117,13239,GA,Quitman,0.0,0.0047169811320754715,0.5,0.0,0.6202856353906422,0.46742180188789023,0.0,0.0,0.0,0.0,0.0,0.044555844739961395,0.002583979328165375,0.02005730659025788,0.22107720798197886,0.5584783278800433,1.0,0.22972805056043386,0.0,0.0,0.3333333333333333,0.0,0.0,0.3298352516093646,0.008044901776011608,0.00514908394131725,0.1878815025904512,0.9080026175382317,1.0,0.3273215700372538,0.0,0.0,0.5,0.0,0.0,0.4501659536788237
118,13241,GA,Rabun,0.031578947368421054,0.014150943396226415,0.25,0.3721323351214755,0.27449837380744635,0.2375398762388692,0.07142857142857142,0.058823529411764705,0.0,0.9926949999616056,0.9299871158844427,0.05013658392497005,0.024978466838931956,0.034383954154727794,0.013722588828907067,0.8633756670304847,0.2029636679994167,0.013100073602840942,0.028169014084507043,0.0,0.0,0.50054334861261,0.0,0.0,0.01665107577125156,0.024068973774442868,0.6665373142210387,0.17933002185652097,0.4185642093890177,0.7456939606459687,0.02127659574468085,0.03225806451612903,0.625,0.21946483811000783,0.5154322278765423,0.5754483990523106
119,13243,GA,Randolph,0.010526315789473684,0.0047169811320754715,0.25,0.2820794438921386,0.20351667382081215,0.23233932065776305,0.0,0.0,0.0,0.0,0.0,0.044555844739961395,0.004306632213608958,0.02005730659025788,0.12137509056852713,0.33850656474000923,0.29563041209753793,0.1121289960090629,0.0,0.0,0.3333333333333333,0.0,0.0,0.3298352516093646,0.013470533207598091,0.010896898574020023,0.25941182739541063,0.4661810478783921,0.4966657885973929,0.3166173198545008,0.02127659574468085,0.025806451612903226,0.5,0.5111236790345397,0.9171556726627547,0.43965985910705985
120,13245,GA,Richmond,0.19473684210526315,0.1509433962264151,0.43243243245,0.19263606336550906,0.23553995664662564,0.39375053325524134,0.14285714285714285,0.23529411764705882,0.3333333333333333,0.16666159400118583,0.2992492172304926,0.36748458475320395,0.12575366063738158,0.32951289398280803,0.04608633411637023,0.36487522493348823,0.13205233991869642,0.040867833165838044,0.28169014084507044,0.21428571428571427,0.2,0.42017616094986676,0.17678330888530416,0.1927579307058138,0.34574368566168434,0.3006825529732639,0.2564985731058713,0.3446212452330748,0.3651055201485187,0.3183351573004441,0.19680851063829788,0.1870967741935484,0.39189189999999996,0.16974880510747403,0.24048931007608548,0.34712719844170553
121,13247,GA,Rockdale,0.11578947368421053,0.10849056603773585,0.522727272725,0.2761817482110787,0.39963683739302747,0.4659772317428687,0.14285714285714285,0.11764705882352941,0.0,0.4018573979843809,0.35320438002336146,0.028738705193908184,0.08440999138673558,0.14326647564469913,0.02046484804262342,0.5905463879256307,0.1388799992106799,0.016644484209751426,0.04225352112676056,0.03571428571428571,0.22222222223333332,0.1519704276611804,0.06955255182211187,0.20967970026242624,0.0886810102833541,0.10717279366748064,0.5068608610765319,0.16756408989107785,0.29049604422257147,0.5448316408869429,0.0797872340425532,0.0967741935483871,0.5,0.16446046270481426,0.2936377896508977,0.4374719535356709
122,13249,GA,Schley,0.010526315789473684,0.0047169811320754715,0.25,0.49810101028987336,0.2988309958657121,0.19319788905377727,0.0,0.0,0.0,0.0,0.0,0.044555844739961395,0.0017226528854435831,0.008595988538681949,0.15876338458688768,0.23909641880442437,0.20419552495598825,0.11759932723668884,0.0,0.0,0.3333333333333333,0.0,0.0,0.3298352516093646,0.0041159962571288315,0.004310860974527081,0.4470061260548334,0.2747719972968878,0.34488530495470954,0.3966169519016549,0.005319148936170213,0.0064516129032258064,0.5,0.21379473360320334,0.33667334130661325,0.3858436762712574
123,13251,GA,Screven,0.015789473684210527,0.014150943396226415,0.5,0.20482488230098833,0.31499084657034404,0.4952327737646363,0.0,0.0,0.0,0.0,0.0,0.044555844739961395,0.008613264427217916,0.025787965616045846,0.06529264954098632,0.3277306865070114,0.1734880784870232,0.06578903385913672,0.0,0.0,0.3333333333333333,0.0,0.0,0.3298352516093646,0.03910196445731698,0.029936534540537102,0.19814038800846712,0.6137278427674794,0.6454017888711797,0.30705242865007154,0.015957446808510637,0.025806451612903226,0.6666666499999999,0.18195815155818376,0.47317283621461736,0.6371593087791815
124,13253,GA,Seminole,0.015789473684210527,0.02830188679245283,1.0,0.34198846017013257,1.0,0.9416352472314296,0.0,0.0,0.0,0.0,0.0,0.044555844739961395,0.0068906115417743325,0.03151862464183381,0.112028017063937,0.43775975474064155,0.37419058472754196,0.10517400094553783,0.0,0.017857142857142856,,0.0,0.3335754996426062,0.3298352516093646,0.03573433115541746,0.021554304872635405,0.08677011677760976,1.0,0.7904251613665926,0.17305195443030558,0.02127659574468085,0.025806451612903226,0.5,0.40189006531560983,0.7510896899912824,0.45791441264822275
125,13255,GA,Spalding,0.08421052631578947,0.07075471698113207,0.46875,0.26067833895404524,0.3502309561431198,0.432657008040796,0.07142857142857142,0.058823529411764705,0.0,0.26076820413155694,0.23731308673612056,0.04024091492861001,0.04220499569336779,0.10315186246418338,0.04240185728332116,0.3832098741707978,0.13417986161724602,0.03839557972359189,0.014084507042253521,0.0,0.0,0.06574314875805483,0.0,0.0,0.10289990643944623,0.08873188839234908,0.2556957434567431,0.3161746986657382,0.3429977805520269,0.32978869138825284,0.06914893617021277,0.06451612903225806,0.3846154,0.18547959835883443,0.26305490189556074,0.3474960194075546
126,13257,GA,Stephens,0.015789473684210527,0.018867924528301886,0.6666666666500001,0.12223367950014892,0.23037606437482214,0.6069328241443397,0.0,0.058823529411764705,0.0,0.0,0.5853771578165479,0.044555844739961395,0.01808785529715762,0.06017191977077364,0.0697436369242135,0.4107187923730349,0.2193521697078438,0.062362441897490385,0.0,0.0,0.3333333333333333,0.0,0.0,0.3298352516093646,0.028624883066145943,0.039516225599831575,0.6275313037983098,0.19921613513961153,0.4130443211770193,0.672906648743168,0.031914893617021274,0.03870967741935484,0.5,0.21459757702221904,0.3893245408854037,0.44451519602701534
127,13259,GA,Stewart,0.005263157894736842,0.0,0.0,0.22386867125425788,0.0,0.0,0.0,0.0,0.0,0.0,0.0,0.044555844739961395,0.004306632213608958,0.008595988538681949,0.046598502531806044,0.5373026406569066,0.16022760802744415,0.02636162410789636,0.014084507042253521,0.0,0.0,0.9033558506529732,0.0,0.0,0.01141253507791113,0.004550353251368681,0.012989921623277653,0.6797903102964908,0.272017889746675,0.0,0.026595744680851064,0.01935483870967742,0.3,1.0,0.8341608173267134,0.20438520160457155
128,13261,GA,Sumter,0.04736842105263158,0.02830188679245283,0.33333333335,0.2839680585629312,0.2835456681847673,0.32154938350109585,0.07142857142857142,0.058823529411764705,0.0,0.5050061453245818,0.48031944907333934,0.05541589137324888,0.024117140396210164,0.08595988538681948,0.07530737114904129,0.4240730400009085,0.26116404564542817,0.07302579674256847,0.056338028169014086,0.03571428571428571,0.16666666666666666,0.5092751852338948,0.18916777515970803,0.17017550537366324,0.06136576238268545,0.06322596095973051,0.38006982410113177,0.4048333074504763,0.5710174512253423,0.4648806732444959,0.05319148936170213,0.05161290322580645,0.4,0.28303467497185936,0.4259364445925085,0.36872692618133673
129,13263,GA,Talbot,0.0,0.0047169811320754715,0.5,0.0,0.22881182606825032,0.46742180188789023,0.0,0.0,0.0,0.0,0.0,0.044555844739961395,0.0017226528854435831,0.011461318051575931,0.20549875210983837,0.15016332624584108,0.1933653628047788,0.19318110500643457,0.0,0.0,0.3333333333333333,0.0,0.0,0.3298352516093646,0.00898035547173206,0.006825529876334544,0.25038073905990815,0.3458996372815439,0.3616282013157527,0.3125834982653038,0.005319148936170213,0.0,0.0,0.14260766834337193,0.0,0.0
130,13265,GA,Taliaferro,0.0,0.0,0.5,0.0,0.0,0.46742180188789023,0.0,0.0,0.0,0.0,0.0,0.044555844739961395,0.0017226528854435831,0.008595988538681949,0.15876338458688768,0.5336973631121348,0.7017258840540009,0.1652988312734201,0.0,0.0,0.3333333333333333,0.0,0.0,0.3298352516093646,0.0011225444339665075,0.0014369536581756936,0.558566629279394,0.37116675140619065,0.7336885382240058,0.6981141616600618,0.0,0.0064516129032258064,0.5,0.0,1.0,0.4501659536788237
131,13267,GA,Tattnall,0.02631578947368421,0.0330188679245283,0.7,0.22356661984423776,0.41121047379242603,0.5923131361464947,0.0,0.0,0.0,0.0,0.0,0.044555844739961395,0.007751937984496124,0.0659025787965616,0.22107720798197886,0.19316796977515155,0.24951913886977703,0.18394425967607825,0.056338028169014086,0.0,0.0,0.7217096124921327,0.0,0.0,0.057623947617764355,0.0496946473404529,0.26075237959614084,0.5680940776632549,0.5627712848966163,0.2802097295712133,0.03723404255319149,0.03870967741935484,0.42857145,0.2751494358607661,0.3971005888231953,0.35361566541505524
132,13269,GA,Taylor,0.02631578947368421,0.018867924528301886,0.4,0.5934912382335661,0.7083927150072471,0.3843739378117084,0.0,0.0,0.0,0.0,0.0,0.044555844739961395,0.0034453057708871662,0.017191977077363897,0.13539570082541233,0.22790819819020466,0.21356766580781222,0.13029742818194912,0.0,0.0,0.3333333333333333,0.0,0.0,0.3298352516093646,0.01833489242220132,0.014130044300604475,0.22236383994473552,0.5114005945186564,0.5450044712604017,0.31562064856601363,0.02127659574468085,0.01935483870967742,0.375,0.4200759317967142,0.598574755211402,0.3491325527155586
133,13271,GA,Telfair,0.021052631578947368,0.018867924528301886,0.5,0.30901889974860125,0.36483373061467866,0.3801929855798547,0.0,0.0,0.0,0.0,0.0,0.044555844739961395,0.006029285099052541,0.02005730659025788,0.07864561169440669,0.2595844899967972,0.10582138939968763,0.054453568316277755,0.014084507042253521,0.0,0.0,0.3117386071555268,0.0,0.0,0.044153414410166264,0.02658364267625033,0.08061084419908734,0.8197987930208851,0.4698520367802955,0.07309825728963963,0.031914893617021274,0.03225806451612903,0.41666665,0.41453731804578037,0.5137928838896568,0.30368555367936395
134,13273,GA,Terrell,0.021052631578947368,0.018867924528301886,0.5,0.40059790697270653,0.6594435229340964,0.5301064504027769,0.0,0.0,0.0,0.0,0.0,0.044555844739961395,0.002583979328165375,0.025787965616045846,0.2833910312835993,0.14422003249041757,0.2999560290166435,0.30318648353931427,0.0,0.0,0.3333333333333333,0.0,0.0,0.3298352516093646,0.01796071094346412,0.019758112799915788,0.4400335945795918,0.40453421315563304,0.7116511434567268,0.6127667809056476,0.015957446808510637,0.01935483870967742,0.5,0.26716022944131057,0.557213995542288,0.5110341527404078
135,13275,GA,Thomas,0.05263157894736842,0.02830188679245283,0.3,0.2267793942411186,0.20004919090422513,0.2840713046312325,0.07142857142857142,0.058823529411764705,0.0,0.36297212025232833,0.33887845903492353,0.0489504847478918,0.030146425495262703,0.1346704871060172,0.10001035112679338,0.3810020247552808,0.28977011601451014,0.09454896229210172,0.04225352112676056,0.07142857142857142,0.44444444443333336,0.2745303651138764,0.2669260366287685,0.4454540957301769,0.09766136575508616,0.09903005628073139,0.3658949548977318,0.46155996657927273,0.6344361028753672,0.45186182344703374,0.06382978723404255,0.06451612903225806,0.41666665,0.23932478856780237,0.37563724499490203,0.38457461343124144
136,13277,GA,Tift,0.04736842105263158,0.04245283018867924,0.5,0.2193490230419566,0.3268191116073668,0.47980624861496207,0.07142857142857142,0.058823529411764705,0.0,0.3900882550068565,0.36908241181064644,0.0535810227108537,0.03531438415159346,0.1518624641833811,0.09492971186964988,0.4796591125058299,0.3659334565059345,0.09130736976462767,0.0,0.017857142857142856,,0.0,0.0726792334013302,,0.11206735266513997,0.10274218655956209,0.2947287778941607,0.5985302375795905,0.7357596153322046,0.389029578267046,0.06382978723404255,0.07096774193548387,0.458333335,0.2578559325830984,0.45002915639976676,0.4276251360063888
137,13279,GA,Toombs,0.02631578947368421,0.02358490566037736,0.5,0.18499177671033276,0.27295747076803734,0.47515655035655885,0.07142857142857142,0.058823529411764705,0.0,0.5921777558011603,0.554859960833865,0.05019255044254436,0.020671834625323,0.07163323782234957,0.07308187746116653,0.4262351973735171,0.25152913547857675,0.06943274849979202,0.04225352112676056,0.03571428571428571,0.22222222223333332,0.44788777965672566,0.21852462137886883,0.22352884084898847,0.0838166510620156,0.05975332294768275,0.14936997903630625,0.7006676220338941,0.6393630037335937,0.23993950868491584,0.05319148936170213,0.04516129032258064,0.35,0.325606315945403,0.430532756555738,0.3239761087925064
138,13281,GA,Towns,0.015789473684210527,0.0047169811320754715,0.16666666665000002,0.28408148232693875,0.1420835313422484,0.1610627006116238,0.0,0.0,0.0,0.0,0.0,0.044555844739961395,0.018949181739879414,0.02005730659025788,0.005811272690195601,1.0,0.1918039744671262,0.006144587491106402,0.014084507042253521,0.017857142857142856,0.3333333333333333,0.3821089505801472,0.28437351017490664,0.34096070935625233,0.014780168379810653,0.014848521129692323,0.3814183576526337,0.2917098061004367,0.43079037824166205,0.48306346261323874,0.015957446808510637,0.012903225806451613,0.33333335000000003,0.24974511093046628,0.3201523894387809,0.31409388571096736
139,13283,GA,Treutlen,0.010526315789473684,0.0047169811320754715,0.25,0.2975621534098375,0.2202934947336743,0.23840652547908509,0.0,0.0,0.0,0.0,0.0,0.044555844739961395,0.0008613264427217916,0.017191977077363897,0.6261170598163946,0.07141728639035405,0.27744546368137607,0.5963743455383779,0.0,0.0,0.3333333333333333,0.0,0.0,0.3298352516093646,0.013470533207598091,0.011615375398797012,0.2932784087720779,0.479829894872571,0.5868014415067125,0.38568132441149633,0.02127659574468085,0.0064516129032258064,0.125,0.522887895443818,0.24819026201447789,0.11629897861846775
140,13285,GA,Troup,0.07368421052631578,0.07547169811320754,0.57142857145,0.22686309725179085,0.34846448879558173,0.49463953790602144,0.0,0.058823529411764705,0.0,0.0,0.2213588808930885,0.044555844739961395,0.053402239448751075,0.18051575931232092,0.06830783454282884,0.4822621303355691,0.24613761666049108,0.05674299120175352,0.014084507042253521,0.017857142857142856,0.3333333333333333,0.06538849708731988,0.04358970586260257,0.30541121811058664,0.08550046771296536,0.09447970302505186,0.4321987884271218,0.24269424329450454,0.3386886162788158,0.4471417151870199,0.0797872340425532,0.07741935483870968,0.4,0.21391479435595592,0.29444418964444646,0.3372576250234649
141,13287,GA,Turner,0.005263157894736842,0.0,0.0,0.10952380942596826,0.0,0.0,0.0,0.0,0.0,0.0,0.0,0.044555844739961395,0.006029285099052541,0.03724928366762178,0.15876338458688768,0.36801221180403876,0.4760855866639768,0.16797549466607736,0.0,0.017857142857142856,,0.0,0.35487514791928126,0.3298352516093646,0.028624883066145943,0.01796192072719617,0.11029624350775151,0.7655354273793167,0.7031401498858629,0.24101627220946362,0.005319148936170213,0.012903225806451613,1.0,0.09789102726467223,0.3995243248038054,1.0
142,13289,GA,Twiggs,0.021052631578947368,0.0,0.0,0.40216611178681105,0.0,0.0,0.0,0.0,0.0,0.0,0.0,0.044555844739961395,0.0034453057708871662,0.017191977077363897,0.13539570082541233,0.19304613945024401,0.21273054419761128,0.15804875138067476,0.0,0.0,0.3333333333333333,0.0,0.0,0.3298352516093646,0.01590271281377716,0.010896898574020023,0.1724177739642988,0.353407733633271,0.4106297795886211,0.35996510645378016,0.015957446808510637,0.0064516129032258064,0.16666670000000003,0.26883577645839984,0.1988871344089029,0.18126728918615845
143,13291,GA,Union,0.02631578947368421,0.02358490566037736,0.5,0.2458441017557229,0.34757509287556376,0.4552846547333729,0.0,0.058823529411764705,0.0,0.0,0.7065404808422856,0.044555844739961395,0.018949181739879414,0.045845272206303724,0.04404930066436863,0.5192399733839116,0.201329022779,0.039017296114633,0.028169014084507043,0.017857142857142856,0.16666666666666666,0.3968124835928883,0.13913104193371723,0.3298352516093646,0.01908325537743063,0.028140342467817485,0.6874972988099388,0.14515260257700022,0.34695163085743164,0.7295236365889457,0.026595744680851064,0.03870967741935484,0.6,0.21591504490162428,0.46990809224073526,0.5332486271063828
144,13293,GA,Upson,0.042105263157894736,0.0330188679245283,0.4375,0.29835069749255666,0.3919702082674757,0.4230777254815931,0.07142857142857142,0.058823529411764705,0.0,0.5969071078862881,0.56913254785848,0.05628552840516639,0.023255813953488372,0.06303724928366762,0.051445133242390265,0.483344168665237,0.22375348997363026,0.05023102279236615,0.0,0.017857142857142856,,0.0,0.1120728486604818,0.3298352516093646,0.06454630495307419,0.05424500059613244,0.2438066379844829,0.5293781624065326,0.5883112478025754,0.33571545767482014,0.0425531914893617,0.025806451612903226,0.25,0.2661621615690377,0.25234691798122466,0.23230116282367497
145,13295,GA,Walker,0.05789473684210526,0.04716981132075472,0.454545454545,0.1750467277430031,0.2189864990798928,0.40286311016819587,0.07142857142857142,0.058823529411764705,0.0,0.25470119755848414,0.22257468005305206,0.026867322963543515,0.025839793281653745,0.1174785100286533,0.10268094355934687,0.22915968458518857,0.14597662210303694,0.08915499178327767,0.0,0.017857142857142856,,0.0,0.04382911946804272,0.3298352516093646,0.09279700653374767,0.09555741826868362,0.37750041878337526,0.2687941712539515,0.34684905948999556,0.4098031181392112,0.05319148936170213,0.06451612903225806,0.5,0.14096101637416528,0.24671774202625807,0.42884565745161957
146,13297,GA,Walton,0.042105263157894736,0.03773584905660377,0.5,0.09873339662391555,0.1410503496764211,0.4600491659585487,0.0,0.11764705882352941,0.0,0.0,0.35840378221009944,,0.025839793281653745,0.15759312320916904,0.14630061991721655,0.17772601110580472,0.1602596647063238,0.13364626904988325,0.04225352112676056,0.03571428571428571,0.22222222223333332,0.14940353820497987,0.07057641140735589,0.216421843971898,0.07146866228838403,0.09447970302505186,0.5886511560190145,0.10496614784734226,0.24519786814417352,0.6622248984031179,0.06914893617021277,0.07741935483870968,0.461538465,0.13842931640351752,0.23836831009305348,0.42191031523771244
147,13299,GA,Ware,0.04736842105263158,0.02830188679245283,0.33333333335,0.2573265427284884,0.24976968744441352,0.31257144809256565,0.07142857142857142,0.058823529411764705,0.0,0.4576271208736271,0.42310376085529555,0.045601872259887766,0.020671834625323,0.10601719197707736,0.1198172449813131,0.32938890437767193,0.28585784564982875,0.1119183198891247,0.056338028169014086,0.0,0.0,0.4614956445822409,0.0,0.0,0.09186155285374283,0.07999042030990346,0.2625875207461045,0.5793437686177106,0.6464444247151978,0.33709362461937714,0.05319148936170213,0.05806451612903226,0.45,0.25411301804203135,0.42209882062320947,0.40699297245929716
148,13301,GA,Warren,0.005263157894736842,0.0047169811320754715,0.5,0.17516339890767754,0.26732998670897806,0.4914716507833459,0.0,0.0,0.0,0.0,0.0,0.044555844739961395,0.006029285099052541,0.014326647564469915,0.05193968738756595,0.5885685501316562,0.29052777448575,0.05198122793284675,0.0,0.0,0.3333333333333333,0.0,0.0,0.3298352516093646,0.012347988773631583,0.009938929469527534,0.2607143882412968,0.5498775603645069,0.6408312229665456,0.3599100680473298,0.005319148936170213,0.0064516129032258064,0.5,0.15703251515847014,0.30118317359053465,0.4699383812842604
149,13303,GA,Washington,0.015789473684210527,0.009433962264150943,0.33333333335,0.14779647992451977,0.1428388967287888,0.31122649023578974,0.0,0.058823529411764705,0.0,0.0,0.7258968297740226,0.044555844739961395,0.012058570198105082,0.04297994269340974,0.07864561169440669,0.3310751013261957,0.1930805961059776,0.07293796589493132,0.014084507042253521,0.017857142857142856,0.3333333333333333,0.19879633749220255,0.14294266924726437,0.329424517543554,0.03180542563653468,0.02658364267625033,0.25116227552950926,0.31364499440679494,0.33488568781445716,0.32310468925364066,0.026595744680851064,0.025806451612903226,0.4,0.21902848631097108,0.3218545654251635,0.3600465111463341
150,13305,GA,Wayne,0.010526315789473684,0.018867924528301886,1.0,0.07086034851872401,0.19682120724826474,0.8944637892903801,0.07142857142857142,0.058823529411764705,0.0,0.5670782234450115,0.5001154887196165,0.02984242959817012,0.020671834625323,0.07163323782234957,0.07308187746116653,0.4081691516232949,0.22194421051362706,0.06378583660826256,0.056338028169014086,0.0,0.0,0.5718719823998651,0.0,0.0,0.060430308702680624,0.05089210873184566,0.2457809496713387,0.4461795170158066,0.46031213262914134,0.30255017631673964,0.0425531914893617,0.025806451612903226,0.25,0.24767911500686257,0.22174555022603562,0.21936397853068534
151,13307,GA,Webster,0.005263157894736842,0.0047169811320754715,0.5,0.4533686383282246,0.5338942593347508,0.3792258514496765,0.0,0.0,0.0,0.0,0.0,0.044555844739961395,0.0008613264427217916,0.0,0.06529264954098632,0.21762416775551877,0.06446253645708891,0.04413469229623754,0.0,0.0,0.3333333333333333,0.0,0.0,0.3298352516093646,0.0,0.0,0.558566629279394,0.1487312319634874,0.20303470730597037,0.42525610590206875,0.0,0.0,0.5,0.0,0.0,0.4501659536788237
152,13309,GA,Wheeler,0.021052631578947368,0.0047169811320754715,0.125,0.6058282962323885,0.18904242747773176,0.10048561367144868,0.0,0.0,0.0,0.0,0.0,0.044555844739961395,0.0017226528854435831,0.008595988538681949,0.15876338458688768,0.14540361598067503,0.1114202279209392,0.1234033437050673,0.0,0.0,0.3333333333333333,0.0,0.0,0.3298352516093646,0.010851262860927876,0.006107053047246698,0.11830107182366295,0.38679800258363234,0.24087115809628384,0.13336975701506398,0.010638297872340425,0.0064516129032258064,0.25,0.26562092806138915,0.2129816622961467,0.19646255091939643
153,13311,GA,White,0.02631578947368421,0.009433962264150943,0.2,0.2065157671524344,0.10822809378607455,0.16876444301524723,0.0,0.058823529411764705,0.0,0.0,0.550007252145976,0.044555844739961395,0.02756244616709733,0.045845272206303724,0.02147824248822005,0.6344374879577025,0.1460179221690204,0.015185764436589828,0.08450704225352113,0.017857142857142856,0.05555555556666666,1.0,0.10830672004942334,0.049620120313430834,0.01964452759441388,0.028978565444666336,0.6882437956817391,0.10845434560917674,0.2468639725798977,0.6520078423674444,0.026595744680851064,0.025806451612903226,0.4,0.1819918929273884,0.24386695004906442,0.3283225060918708
154,13313,GA,Whitfield,0.14210526315789473,0.10849056603773585,0.42592592595,0.29920070795594667,0.331822418649697,0.3571389897616429,0.07142857142857142,0.11764705882352941,0.3333333333333333,0.17736524702573672,0.2932690840183466,0.31497962629630705,0.0714900947459087,0.19197707736389685,0.04840034802351357,0.44150191658409343,0.158926144037573,0.037462598787656815,0.028169014084507043,0.017857142857142856,0.16666666666666666,0.08943229761124889,0.028875085244781228,0.14792150016795858,0.148175865283579,0.18500778349012056,0.5355676822417202,0.30643110076243,0.47536330019254314,0.5140120774325327,0.1276595744680851,0.11612903225806452,0.375,0.2340914930601593,0.29257250165941995,0.3062298916495566
155,13315,GA,Wilcox,0.0,0.0,0.5,0.0,0.0,0.46742180188789023,0.0,0.0,0.0,0.0,0.0,0.044555844739961395,0.0034453057708871662,0.02005730659025788,0.15876338458688768,0.22756638860993633,0.22959262915263332,0.14015116704735642,0.0,0.0,0.3333333333333333,0.0,0.0,0.3298352516093646,0.025070159032735632,0.011495629265405548,0.0,0.7121796376280835,0.3948803668909742,0.07027573253138665,0.010638297872340425,0.012903225806451613,0.5,0.2080309945108553,0.37053374103573006,0.43641474329511576
156,13317,GA,Wilkes,0.02631578947368421,0.018867924528301886,0.4,0.5015786219741053,0.5919677123527095,0.3800608712381444,0.0,0.0,0.0,0.0,0.0,0.044555844739961395,0.00516795865633075,0.014326647564469915,0.06529264954098632,0.28891887326741983,0.13926033330827908,0.06202650204483148,0.0,0.0,0.3333333333333333,0.0,0.0,0.3298352516093646,0.015715622075531104,0.016764459350172938,0.420278088780487,0.3433879820043922,0.5206825543190869,0.5042799237721297,0.02127659574468085,0.025806451612903226,0.5,0.35462489930167257,0.6669312666645499,0.4607990850827158
157,13319,GA,Wilkinson,0.010526315789473684,0.014150943396226415,0.75,0.2048316883843221,0.467108697873915,0.7343700680967239,0.0,0.0,0.0,0.0,0.0,0.044555844739961395,0.004306632213608958,0.022922636103151862,0.1400692375777074,0.24580618257456532,0.24771532756850018,0.13784353321586537,0.0,0.0,0.3333333333333333,0.0,0.0,0.3298352516093646,0.024508886815752376,0.023829481493290405,0.34968323943953294,0.5946507813221018,0.8104353695079249,0.45036430901118857,0.015957446808510637,0.01935483870967742,0.5,0.2739639159373563,0.5262608357899133,0.4706600873411983
158,13321,GA,Worth,0.02631578947368421,0.009433962264150943,0.2,0.24098834911539918,0.13717553669090216,0.18330519674553253,0.0,0.0,0.0,0.0,0.0,0.044555844739961395,0.006029285099052541,0.034383954154727794,0.14541042243346733,0.16194954472632586,0.14003975573169822,0.13220921570577823,0.014084507042253521,0.017857142857142856,0.3333333333333333,0.19448745089784794,0.13727519328368123,0.32337235582750834,0.036669784835422284,0.02658364267625033,0.17105478507214922,0.3659921690091645,0.31557284322732054,0.23582476430667243,0.015957446808510637,0.01935483870967742,0.5,0.12865584077731337,0.23182000614543996,0.44149021586807974
